Agreement Type,Department,Agreem,ent ID,,,Tracking Number,Transaction Date,Not to Exceed Amount,Encumbered,Expended,Retained,Outstanding,Agreement Start Date,Agreement End Date,Closed Date,Buyer Name,Buyer Phone,Agreement Description,Agreement Held?,Closed?
Purchase Order,40,202030,2867,,,85,8/5/19,0,1740,0,0,1740,8/5/19,6/30/20,,Default Buyer,212-857-1475,,No,No
Contract,40,202030,2658,,,24,8/1/19,25000,17850,0,0,25000,8/1/19,6/30/20,,Default Buyer,212-857-1475,NEGOTIATED SERVICES-SERVICES,No,No
Purchase Order,40,201930,3316,,,28,8/1/19,0,150,150,0,0,7/31/19,6/30/20,8/1/19,Default Buyer,212-857-1475,,No,Yes
Purchase Order,40,201930,5090,,,17,8/1/19,0,3000,3000,0,0,7/31/19,6/30/20,8/1/19,Default Buyer,212-857-1475,,No,Yes
Purchase Order,40,201930,11062,,,7,8/1/19,0,3920,3920,0,0,7/31/19,6/30/20,8/1/19,Default Buyer,212-857-1475,,No,Yes
Purchase Order,40,201930,11281,,,10,8/1/19,0,6075,6075,0,0,7/31/19,6/30/20,8/1/19,Default Buyer,212-857-1475,,No,Yes
Purchase Order,40,201930,11381,,,6,8/1/19,0,7510,7510,0,0,7/31/19,6/30/20,8/1/19,Default Buyer,212-857-1475,,No,Yes
Purchase Order,40,201930,19188,,,2,8/1/19,0,5200,5200,0,0,7/31/19,6/30/20,8/1/19,Default Buyer,212-857-1475,,No,Yes
Purchase Order,40,201930,19421,,,27,8/1/19,0,5200,5200,0,0,7/31/19,6/30/20,8/1/19,Default Buyer,212-857-1475,,No,Yes
Purchase Order,40,201930,21993,,,29,8/1/19,0,5200,5200,0,0,7/31/19,6/30/20,8/1/19,Default Buyer,212-857-1475,,No,Yes
Purchase Order,40,201930,26841,,,27,8/1/19,0,6265,6265,0,0,7/31/19,6/30/20,8/1/19,Default Buyer,212-857-1475,,No,Yes
Purchase Order,40,201930,27122,,,14,8/1/19,0,2600,2600,0,0,7/31/19,6/30/20,8/1/19,Default Buyer,212-857-1475,,No,Yes
Purchase Order,40,201930,35756,,,23,8/1/19,0,7820,7820,0,0,7/31/19,6/30/20,8/1/19,Default Buyer,212-857-1475,,No,Yes
Purchase Order,40,201930,47497,,,17,8/1/19,0,2900,2900,0,0,7/31/19,6/30/20,8/1/19,Default Buyer,212-857-1475,,No,Yes
Purchase Order,40,201930,50622,,,18,8/1/19,0,5200,5200,0,0,7/31/19,6/30/20,8/1/19,Default Buyer,212-857-1475,,No,Yes
Purchase Order,40,201930,59726,,,2,8/1/19,0,5200,5200,0,0,7/31/19,6/30/20,8/1/19,Default Buyer,212-857-1475,,No,Yes
Purchase Order,40,201930,64106,,,21,8/1/19,0,2055,2055,0,0,7/31/19,6/30/20,8/1/19,Default Buyer,212-857-1475,,No,Yes
Purchase Order,40,201930,65084,,,17,8/1/19,0,1765,1765,0,0,7/31/19,6/30/20,8/1/19,Default Buyer,212-857-1475,,No,Yes
Purchase Order,40,201930,67077,,,29,8/1/19,0,0,0,0,0,7/31/19,6/30/20,8/1/19,Default Buyer,212-857-1475,,No,Yes
Purchase Order,40,201930,70274,,,27,8/1/19,0,1500,1500,0,0,7/31/19,6/30/20,8/1/19,Default Buyer,212-857-1475,,No,Yes
Purchase Order,40,201930,73669,,,1,8/1/19,0,0,0,0,0,7/31/19,6/30/20,8/1/19,Default Buyer,212-857-1475,,No,Yes
Purchase Order,40,201930,74100,,,19,8/1/19,0,7800,7800,0,0,7/31/19,6/30/20,8/1/19,Default Buyer,212-857-1475,,No,Yes
Purchase Order,40,201930,78763,,,21,8/1/19,0,3025,3025,0,0,8/1/19,6/30/20,8/1/19,Default Buyer,212-857-1475,,No,Yes
Purchase Order,40,201930,78773,,,21,8/1/19,0,2900,2900,0,0,8/1/19,6/30/20,8/1/19,Default Buyer,212-857-1475,,No,Yes
Purchase Order,40,201930,81580,,,13,8/1/19,0,7800,7800,0,0,8/1/19,6/30/20,8/1/19,Default Buyer,212-857-1475,,No,Yes
Purchase Order,40,201930,90047,,,23,8/1/19,0,0,0,0,0,8/1/19,6/30/20,8/1/19,Default Buyer,212-857-1475,,No,Yes
Purchase Order,40,201930,90060,,,23,8/1/19,0,0,0,0,0,8/1/19,6/30/20,8/1/19,Default Buyer,212-857-1475,,No,Yes
Purchase Order,40,201930,90751,,,19,8/1/19,0,0,0,0,0,8/1/19,6/30/20,8/1/19,Default Buyer,212-857-1475,,No,Yes
Purchase Order,40,201930,91485,,,28,8/1/19,0,3690,3690,0,0,8/1/19,6/30/20,8/1/19,Default Buyer,212-857-1475,,No,Yes
Purchase Order,40,201930,92391,,,17,8/1/19,0,0,0,0,0,8/1/19,6/30/20,8/1/19,Default Buyer,212-857-1475,,No,Yes
Purchase Order,40,201930,92515,,,2,8/1/19,0,7350,7350,0,0,8/1/19,6/30/20,8/1/19,Default Buyer,212-857-1475,,No,Yes
Purchase Order,40,201930,93167,,,11,8/1/19,0,0,0,0,0,8/1/19,6/30/20,8/1/19,Default Buyer,212-857-1475,,No,Yes
Purchase Order,40,201930,94966,,,11,8/1/19,0,0,0,0,0,8/1/19,6/30/20,8/1/19,Default Buyer,212-857-1475,,No,Yes
Purchase Order,40,201930,97501,,,21,8/1/19,0,0,0,0,0,8/1/19,6/30/20,8/1/19,Default Buyer,212-857-1475,,No,Yes
Purchase Order,40,202030,1165,,,28,7/24/19,0,5670,0,0,5670,7/24/19,6/30/20,,Default Buyer,212-857-1475,,No,No
Purchase Order,40,202030,1843,,,31,7/24/19,0,3000,0,0,3000,7/24/19,6/30/20,,Default Buyer,212-857-1475,,No,No
Purchase Order,40,202030,1253,,,8,7/18/19,0,9000,0,0,9000,7/18/19,6/30/20,,Default Buyer,212-857-1475,,No,No
Purchase Order,40,202030,1290,,,11,7/18/19,0,2600,0,0,2600,7/18/19,6/30/20,,Default Buyer,212-857-1475,,No,No
Purchase Order,40,201930,41016,,,10,7/9/19,0,2950,2950,0,0,7/9/19,6/30/20,7/9/19,Default Buyer,212-857-1475,,No,Yes
Purchase Order,40,202030,535,,,11,7/8/19,0,3630,3630,0,0,7/8/19,6/30/20,8/5/19,Default Buyer,212-857-1475,,No,Yes
Contract,40,201930,10690,,,24,7/6/19,25000,17700,17550,0,7450,9/20/18,6/30/19,,Default Buyer,212-857-1475,NEGOTIATED SERVICES-SERVICES,No,No
Contract,40,201930,15160,WO190015160,,21,7/6/19,25000,13580,13580,0,11420,10/1/18,6/30/19,7/19/19,Default Buyer,212-857-1475,NEGOTIATED SERVICES-SERVICES,No,Yes
Contract,40,201930,19202,,,11,7/6/19,25000,18000,17550,0,7450,10/17/18,6/30/19,,Default Buyer,212-857-1475,NEGOTIATED SERVICES-SERVICES,No,No
Contract,40,201930,20724,WO190020724,,3,7/6/19,25000,14200,14200,0,10800,10/18/18,6/30/19,7/9/19,Default Buyer,212-857-1475,NEGOTIATED SERVICES-SERVICES,No,Yes
Contract,40,201930,24083,WO190024083,,9,7/6/19,25000,14220,14220,0,10780,10/26/18,6/30/19,7/17/19,Default Buyer,212-857-1475,3 BIDS-SERVICES-447398,No,Yes
Contract,40,201930,27053,,,26,7/6/19,25000,21330,21180,0,3820,11/2/18,6/30/19,,Default Buyer,212-857-1475,3 BIDS-SERVICES-10032018,No,No
Contract,40,201930,28147,WO190028147,,1,7/6/19,25000,18000,18000,0,7000,11/8/18,6/30/19,7/12/19,Default Buyer,212-857-1475,NEGOTIATED SERVICES-SERVICES,No,Yes
Contract,40,201930,29022,WO190029022,,9,7/6/19,25000,12180,12180,0,12820,11/14/18,6/30/19,7/18/19,Default Buyer,212-857-1475,NEGOTIATED SERVICES-SERVICES,No,Yes
Contract,40,201930,31273,,,22,7/6/19,25000,24135,21470,0,3530,11/26/18,6/30/19,,Default Buyer,212-857-1475,3 BIDS-SERVICES-24135.00,No,No
Contract,40,201930,36553,WO190036553,,14,7/6/19,25000,18000,18000,0,7000,12/14/18,6/30/19,7/9/19,Default Buyer,212-857-1475,NEGOTIATED SERVICES-SERVICES,No,Yes
Contract,40,201930,38471,WO190038471,,31,7/6/19,25000,18000,18000,0,7000,12/18/18,6/30/19,7/9/19,Default Buyer,212-857-1475,SOLE VENDOR-COMMODITIES,No,Yes
Contract,40,201930,40149,WO190040149,,20,7/6/19,25000,10890,10890,0,14110,12/20/18,6/30/19,7/9/19,Default Buyer,212-857-1475,3 BIDS-SERVICES,No,Yes
Contract,40,201930,40899,,,10,7/6/19,25000,24810,24660,0,340,1/2/19,6/30/19,,Default Buyer,212-857-1475,NEGOTIATED SERVICES-SERVICES,No,No
Contract,40,201930,41638,,,20,7/6/19,25000,11950,11800,0,13200,1/7/19,6/30/19,,Default Buyer,212-857-1475,3 BIDS-SERVICES,No,No
Contract,40,201930,42678,WO190042678,,10,7/6/19,25000,10890,10890,0,14110,1/10/19,6/30/19,7/22/19,Default Buyer,212-857-1475,NEGOTIATED SERVICES-SERVICES,No,Yes
Contract,40,201930,43088,,,20,7/6/19,25000,11460,9270,0,15730,1/11/19,6/30/19,,Default Buyer,212-857-1475,3 BIDS-SERVICES,No,No
Contract,40,201930,44816,WO190044816,,12,7/6/19,25000,12630,12630,0,12370,1/14/19,6/30/19,7/16/19,Default Buyer,212-857-1475,NEGOTIATED SERVICES-SERVICES,No,Yes
Contract,40,201930,45920,,,10,7/6/19,25000,10890,9125,0,15875,1/15/19,6/30/19,,Default Buyer,212-857-1475,NEGOTIATED SERVICES-SERVICES,No,No
Contract,40,201930,50104,WO190050104,,31,7/6/19,25000,24960,24960,0,40,1/29/19,6/30/19,7/15/19,Default Buyer,212-857-1475,3 BIDS-SERVICES,No,Yes
Contract,40,201930,50601,,,2,7/6/19,25000,16110,15960,0,9040,1/31/19,6/30/19,,Default Buyer,212-857-1475,NEGOTIATED SERVICES-SERVICES,No,No
Contract,40,201930,51164,,,24,7/6/19,25000,14160,14060,0,10940,2/7/19,6/30/19,,Default Buyer,212-857-1475,NEGOTIATED SERVICES-SERVICES,No,No
Contract,40,201930,52703,,,10,7/6/19,25000,21330,21130,0,3870,4/16/19,6/30/19,,Default Buyer,212-857-1475,CHANGE NOTICE,No,No
Contract,40,201930,54801,WO190054801,,29,7/6/19,25000,10890,10890,0,14110,2/26/19,6/30/19,7/23/19,Default Buyer,212-857-1475,NEGOTIATED SERVICES-SERVICES,No,Yes
Contract,40,201930,60221,,,20,7/6/19,25000,24008,23800,0,1200,3/13/19,6/30/19,,Default Buyer,212-857-1475,NEGOTIATED SERVICES-SERVICES,No,No
Contract,40,201930,61843,WO190061843,,21,7/6/19,25000,24909,24909,0,91,3/1/19,6/30/19,7/30/19,Default Buyer,212-857-1475,NEGOTIATED SERVICES-SERVICES,No,Yes
Contract,40,201930,64690,WO190064690,,30,7/6/19,25000,24600,24600,0,400,3/8/19,6/30/19,7/23/19,Default Buyer,212-857-1475,NEGOTIATED SERVICES-SERVICES,No,Yes
Contract,40,201930,64714,,,5,7/6/19,25000,24660,20310,0,4690,3/8/19,6/30/19,,Default Buyer,212-857-1475,NEGOTIATED SERVICES-SERVICES,No,No
Contract,40,201930,71416,WO190071416,,5,7/6/19,25000,12630,12630,0,12370,4/8/19,6/30/19,7/15/19,Default Buyer,212-857-1475,3 BIDS-SERVICES-ELE-M362,No,Yes
Contract,40,201930,73663,,,1,7/6/19,25000,11574.9,9525,0,15475,4/10/19,6/30/19,,Default Buyer,212-857-1475,NEGOTIATED SERVICES-SERVICES,No,No
Contract,40,201930,76082,WO190076082,,27,7/6/19,25000,24978,24978,0,22,3/29/19,6/30/19,7/18/19,Default Buyer,212-857-1475,NEGOTIATED SERVICES-SERVICES,No,Yes
Contract,40,201930,93163,,,21,7/6/19,25000,10890,10600,0,14400,5/1/19,6/30/19,,Default Buyer,212-857-1475,3 BIDS-SERVICES,No,No
Contract,40,201930,94530,,,5,7/6/19,25000,10590,9720,0,15280,4/19/19,6/30/19,,Default Buyer,212-857-1475,NEGOTIATED SERVICES-SERVICES,No,No
Contract,40,201930,95915,WO190095915,,31,7/6/19,25000,12000,12000,0,13000,4/22/19,6/30/19,7/9/19,Default Buyer,212-857-1475,NEGOTIATED SERVICES-SERVICES,No,Yes
Contract,40,201830,91435,,,19,7/2/19,25000,11125,11125,0,13875,6/30/19,6/30/19,7/2/19,Default Buyer,212-857-1475,FY19 OPEN ROLLED ENCUMBRANCE CANCELLATION,No,Yes
Purchase Order,40,201830,2647,,,4,7/2/19,0,1230,1230,0,0,6/30/19,6/30/19,7/2/19,Default Buyer,212-857-1475,,No,Yes
Purchase Order,40,201830,8185,,,3,7/2/19,0,3025,3025,0,0,6/30/19,6/30/19,7/2/19,Default Buyer,212-857-1475,,No,Yes
Purchase Order,40,201830,16625,,,6,7/2/19,0,5865,5865,0,0,6/30/19,6/30/19,7/2/19,Default Buyer,212-857-1475,,No,Yes
Purchase Order,40,201830,21305,,,6,7/2/19,0,3790,3790,0,0,6/30/19,6/30/19,7/2/19,Default Buyer,212-857-1475,,No,Yes
Purchase Order,40,201830,22480,,,27,7/2/19,0,5625,5625,0,0,6/30/19,6/30/19,7/2/19,Default Buyer,212-857-1475,,No,Yes
Purchase Order,40,201830,30051,,,6,7/2/19,0,5625,5625,0,0,6/30/19,6/30/19,7/2/19,Default Buyer,212-857-1475,,No,Yes
Purchase Order,40,201830,32506,,,6,7/2/19,0,8525,8525,0,0,6/30/19,6/30/19,7/2/19,Default Buyer,212-857-1475,,No,Yes
Purchase Order,40,201830,39290,,,3,7/2/19,0,2390,2390,0,0,6/30/19,6/30/19,7/2/19,Default Buyer,212-857-1475,,No,Yes
Purchase Order,40,201830,51107,,,23,7/2/19,0,5625,5625,0,0,6/30/19,6/30/19,7/2/19,Default Buyer,212-857-1475,,No,Yes
Purchase Order,40,201830,51673,,,27,7/2/19,0,4250,4250,0,0,6/30/19,6/30/19,7/2/19,Default Buyer,212-857-1475,,No,Yes
Purchase Order,40,201830,54346,,,13,7/2/19,0,0,0,0,0,6/30/19,6/30/19,7/2/19,Default Buyer,212-857-1475,,No,Yes
Purchase Order,40,201830,54359,,,13,7/2/19,0,0,0,0,0,6/30/19,6/30/19,7/2/19,Default Buyer,212-857-1475,,No,Yes
Purchase Order,40,201930,66366,,,26,7/2/19,0,0,0,0,0,6/30/19,6/30/19,7/2/19,Default Buyer,212-857-1475,,No,Yes
Purchase Order,40,201930,58820,,,17,6/27/19,0,0,0,0,0,6/27/19,6/30/19,6/27/19,Default Buyer,212-857-1475,,No,Yes
Purchase Order,40,201930,6578,,,12,6/26/19,0,4060,4060,0,0,6/26/19,6/30/19,6/26/19,Default Buyer,212-857-1475,,No,Yes
Purchase Order,40,201930,47198,,,22,6/26/19,0,9825,9825,0,0,6/26/19,6/30/19,6/26/19,Default Buyer,212-857-1475,,No,Yes
Purchase Order,40,201930,47920,,,24,6/20/19,0,9390,9390,0,0,6/20/19,6/30/19,6/20/19,Default Buyer,212-857-1475,,No,Yes
Purchase Order,40,201930,11067,,,9,6/14/19,0,7110,7110,0,0,6/14/19,6/30/19,6/14/19,Default Buyer,212-857-1475,,No,Yes
Purchase Order,40,201931,1379,,,32,6/14/19,0,6380,6380,0,0,6/14/19,6/30/19,7/15/19,Default Buyer,212-857-1475,,No,Yes
Purchase Order,40,201830,17342,,,8,6/12/19,0,3000,3000,0,0,6/12/19,6/30/19,6/12/19,Default Buyer,212-857-1475,,No,Yes
Purchase Order,40,201930,38597,,,15,6/12/19,0,7800,7800,0,0,6/12/19,6/30/19,6/12/19,Default Buyer,212-857-1475,,No,Yes
Purchase Order,40,201931,980,,,31,5/22/19,0,5950,5950,0,0,5/22/19,6/30/19,6/25/19,Default Buyer,212-857-1475,,No,Yes
Purchase Order,40,201930,89488,,,14,5/3/19,0,7950,7950,0,0,5/3/19,6/30/19,6/3/19,Default Buyer,212-857-1475,,No,Yes
Purchase Order,40,201930,89830,,,19,5/3/19,0,7950,7950,0,0,5/3/19,6/30/19,7/2/19,Default Buyer,212-857-1475,,No,Yes
Contract,40,201930,82819,WO190082819,,32,4/30/19,25000,10720,10720,0,14280,4/30/19,6/30/19,6/7/19,Default Buyer,212-857-1475,3 BIDS-SERVICES-BLHS,No,Yes
Purchase Order,40,201930,94300,,,26,4/29/19,0,9000,9000,0,0,4/29/19,6/30/19,7/12/19,Default Buyer,212-857-1475,,No,Yes
Purchase Order,40,201930,97621,,,11,4/22/19,0,4999.8,0,0,4999.8,4/22/19,6/30/19,,Default Buyer,212-857-1475,,No,No
Contract,40,201930,90981,WO190090981,,19,4/19/19,25000,14910,14910,0,10090,4/19/19,6/30/19,6/11/19,Default Buyer,212-857-1475,NEGOTIATED SERVICES-SERVICES,No,Yes
Purchase Order,40,201930,87685,,,16,4/19/19,0,5200.02,5200.02,0,0,4/19/19,6/30/19,5/3/19,Default Buyer,212-857-1475,,No,Yes
Purchase Order,40,201930,92914,,,10,4/19/19,0,7950,7950,0,0,4/19/19,6/30/19,5/23/19,Default Buyer,212-857-1475,,No,Yes
Purchase Order,40,201930,90995,,,19,4/18/19,0,3000,3000,0,0,4/18/19,6/30/19,6/27/19,Default Buyer,212-857-1475,,No,Yes
Purchase Order,40,201930,92995,,,17,4/18/19,0,4790,4790,0,0,4/18/19,6/30/19,5/16/19,Default Buyer,212-857-1475,,No,Yes
Purchase Order,40,201930,93861,,,11,4/18/19,0,0,0,0,0,4/18/19,6/30/19,4/18/19,Default Buyer,212-857-1475,,No,Yes
Purchase Order,40,201930,93874,,,11,4/18/19,0,3770,3770,0,0,4/18/19,6/30/19,7/15/19,Default Buyer,212-857-1475,,No,Yes
Purchase Order,40,201930,93882,,,11,4/18/19,0,4930,4930,0,0,4/18/19,6/30/19,5/22/19,Default Buyer,212-857-1475,,No,Yes
Purchase Order,40,201930,94426,,,16,4/18/19,0,2600,2600,0,0,4/18/19,6/30/19,5/16/19,Default Buyer,212-857-1475,,No,Yes
Purchase Order,40,201930,94437,,,16,4/18/19,0,2600,2600,0,0,4/18/19,6/30/19,5/16/19,Default Buyer,212-857-1475,,No,Yes
Purchase Order,40,201930,94466,,,16,4/18/19,0,2800,2800,0,0,4/18/19,6/30/19,5/16/19,Default Buyer,212-857-1475,,No,Yes
Purchase Order,40,201930,95037,,,11,4/18/19,0,4090,4090,0,0,4/18/19,6/30/19,6/25/19,Default Buyer,212-857-1475,,No,Yes
Purchase Order,40,201930,95069,,,11,4/18/19,0,3190,3190,0,0,4/18/19,6/30/19,6/25/19,Default Buyer,212-857-1475,,No,Yes
Purchase Order,40,201930,95084,,,11,4/18/19,0,3190,3190,0,0,4/18/19,6/30/19,6/25/19,Default Buyer,212-857-1475,,No,Yes
Purchase Order,40,201930,95099,,,11,4/18/19,0,3190,3190,0,0,4/18/19,6/30/19,6/25/19,Default Buyer,212-857-1475,,No,Yes
Purchase Order,40,201930,95120,,,11,4/18/19,0,3480,3480,0,0,4/18/19,6/30/19,6/25/19,Default Buyer,212-857-1475,,No,Yes
Purchase Order,40,201930,96573,,,23,4/18/19,0,2800,2800,0,0,4/18/19,6/30/19,6/27/19,Default Buyer,212-857-1475,,No,Yes
Purchase Order,40,201930,96615,,,23,4/18/19,0,750,750,0,0,4/18/19,6/30/19,6/12/19,Default Buyer,212-857-1475,,No,Yes
Purchase Order,40,201930,97483,,,21,4/18/19,0,3000,3000,0,0,4/18/19,6/30/19,7/15/19,Default Buyer,212-857-1475,,No,Yes
Purchase Order,40,201930,97510,,,21,4/18/19,0,3000,0,0,3000,4/18/19,6/30/19,,Default Buyer,212-857-1475,,No,No
Purchase Order,40,201930,78505,,,21,4/17/19,0,5220,5220,0,0,4/17/19,6/30/19,5/20/19,Default Buyer,212-857-1475,,No,Yes
Purchase Order,40,201930,82462,,,17,4/17/19,0,5200,5200,0,0,4/17/19,6/30/19,4/29/19,Default Buyer,212-857-1475,,No,Yes
Purchase Order,40,201930,89972,,,28,4/17/19,0,1625,1475,0,150,4/17/19,6/30/19,,Default Buyer,212-857-1475,,No,No
Purchase Order,40,201930,91240,,,32,4/17/19,0,4832,4832,0,0,4/17/19,6/30/19,6/21/19,Default Buyer,212-857-1475,,No,Yes
Purchase Order,40,201930,92524,,,13,4/17/19,0,4998,4998,0,0,4/17/19,6/30/19,5/7/19,Default Buyer,212-857-1475,,No,Yes
Purchase Order,40,201930,72177,,,13,4/16/19,0,8000,8000,0,0,4/16/19,6/30/19,5/9/19,Default Buyer,212-857-1475,,No,Yes
Contract,40,201930,85864,WO190085864,,26,4/15/19,25000,15486.8,15486.8,0,9513.2,4/15/19,6/30/19,5/29/19,Default Buyer,212-857-1475,3 BIDS-SERVICES-03272019,No,Yes
Purchase Order,40,201930,85153,,,29,4/15/19,0,5350,5350,0,0,4/15/19,6/30/19,6/10/19,Default Buyer,212-857-1475,,No,Yes
Purchase Order,40,201930,85467,,,11,4/15/19,0,7950,7950,0,0,4/15/19,6/30/19,7/15/19,Default Buyer,212-857-1475,,No,Yes
Purchase Order,40,201930,86078,,,29,4/15/19,0,7950,7950,0,0,4/15/19,6/30/19,5/21/19,Default Buyer,212-857-1475,,No,Yes
Purchase Order,40,201930,85600,,,12,4/11/19,0,2750,2750,0,0,4/11/19,6/30/19,5/14/19,Default Buyer,212-857-1475,,No,Yes
Purchase Order,40,201930,83971,,,6,4/10/19,0,4540,4540,0,0,4/10/19,6/30/19,6/11/19,Default Buyer,212-857-1475,,No,Yes
Purchase Order,40,201930,84460,,,19,4/10/19,0,4980,4980,0,0,4/10/19,6/30/19,6/12/19,Default Buyer,212-857-1475,,No,Yes
Purchase Order,40,201930,80039,,,26,4/8/19,0,150,150,0,0,4/8/19,6/30/19,5/23/19,Default Buyer,212-857-1475,,No,Yes
Purchase Order,40,201930,82022,,,26,4/8/19,0,150,150,0,0,4/8/19,6/30/19,4/16/19,Default Buyer,212-857-1475,,No,Yes
Purchase Order,40,201930,80651,,,21,4/5/19,0,2600,2600,0,0,4/5/19,6/30/19,5/9/19,Default Buyer,212-857-1475,,No,Yes
Purchase Order,40,201930,80662,,,6,4/4/19,0,4725,4725,0,0,4/4/19,6/30/19,7/23/19,Default Buyer,212-857-1475,,No,Yes
Purchase Order,40,201830,57389,,,21,4/3/19,0,3525,3525,0,0,4/3/19,6/30/19,4/3/19,Default Buyer,212-857-1475,,No,Yes
Purchase Order,40,201930,73101,,,15,4/3/19,0,6000,0,0,6000,4/3/19,6/30/19,,Default Buyer,212-857-1475,,No,No
Purchase Order,40,201930,73772,,,14,4/3/19,0,8100,8100,0,0,4/3/19,6/30/19,7/10/19,Default Buyer,212-857-1475,,No,Yes
Purchase Order,40,201930,77553,,,21,4/3/19,0,2600,2600,0,0,4/3/19,6/30/19,5/9/19,Default Buyer,212-857-1475,,No,Yes
Purchase Order,40,201930,78924,,,12,4/3/19,0,5350,5350,0,0,4/3/19,6/30/19,4/26/19,Default Buyer,212-857-1475,,No,Yes
Purchase Order,40,201930,79775,,,14,4/3/19,0,6725,5600,0,1125,4/3/19,6/30/19,,Default Buyer,212-857-1475,,No,No
Purchase Order,40,201930,77830,,,30,4/2/19,0,7950,7950,0,0,4/2/19,6/30/19,7/17/19,Default Buyer,212-857-1475,,No,Yes
Purchase Order,40,201930,78729,,,17,4/2/19,0,2750,2750,0,0,4/2/19,6/30/19,5/2/19,Default Buyer,212-857-1475,,No,Yes
Purchase Order,40,201930,75694,,,14,3/28/19,0,4980,4980,0,0,3/28/19,6/30/19,6/28/19,Default Buyer,212-857-1475,,No,Yes
Contract,40,201930,71527,WO190071527,,18,3/25/19,25000,12300,12300,0,12700,3/25/19,6/30/19,5/15/19,Default Buyer,212-857-1475,NEGOTIATED SERVICES-SERVICES,No,Yes
Purchase Order,40,201930,71540,,,21,3/21/19,0,2600,2600,0,0,3/21/19,6/30/19,5/8/19,Default Buyer,212-857-1475,,No,Yes
Purchase Order,40,201930,72544,,,85,3/21/19,0,1500,1500,0,0,3/21/19,6/30/19,5/29/19,Default Buyer,212-857-1475,,No,Yes
Contract,40,201930,70987,WO190070987,,2,3/20/19,25000,15600,15600,0,9400,3/20/19,6/30/19,6/26/19,Default Buyer,212-857-1475,3 BIDS-SERVICES,No,Yes
Purchase Order,40,201930,70083,,,9,3/19/19,0,5520,5520,0,0,3/19/19,6/30/19,6/19/19,Default Buyer,212-857-1475,,No,Yes
Purchase Order,40,201930,70958,,,26,3/19/19,0,2600,2600,0,0,3/19/19,6/30/19,7/3/19,Default Buyer,212-857-1475,,No,Yes
Purchase Order,40,201930,71659,,,10,3/19/19,0,2950,2950,0,0,3/19/19,6/30/19,4/19/19,Default Buyer,212-857-1475,,No,Yes
Contract,40,201930,69176,WO190069176,,20,3/18/19,25000,19165,19165,0,5835,3/18/19,6/30/19,7/3/19,Default Buyer,212-857-1475,"3 BIDS-SERVICES-MAR 5,2019",No,Yes
Purchase Order,40,201930,67753,,,21,3/18/19,0,2320,2320,0,0,3/18/19,6/30/19,6/6/19,Default Buyer,212-857-1475,,No,Yes
Contract,40,201930,66405,WO190066405,,21,3/15/19,25000,24940,24940,0,60,3/15/19,6/30/19,6/18/19,Default Buyer,212-857-1475,3 BIDS-SERVICES,No,Yes
Contract,40,201930,67533,WO190067533,,26,3/15/19,25000,11180,11180,0,13820,3/15/19,6/30/19,7/2/19,Default Buyer,212-857-1475,NEGOTIATED SERVICES-SERVICES,No,Yes
Contract,40,201930,68319,WO190068319,,5,3/15/19,25000,12180,12180,0,12820,3/15/19,6/30/19,6/26/19,Default Buyer,212-857-1475,NEGOTIATED SERVICES-SERVICES,No,Yes
Purchase Order,40,201930,68930,,,21,3/15/19,0,2190,2190,0,0,3/15/19,6/30/19,5/9/19,Default Buyer,212-857-1475,,No,Yes
Purchase Order,40,201930,59457,,,32,3/13/19,0,5350,5350,0,0,3/13/19,6/30/19,3/15/19,Default Buyer,212-857-1475,,No,Yes
Purchase Order,40,201930,66757,,,13,3/13/19,0,2610,2610,0,0,3/13/19,6/30/19,3/20/19,Default Buyer,212-857-1475,,No,Yes
Purchase Order,40,201930,66759,,,13,3/13/19,0,2610,2610,0,0,3/13/19,6/30/19,3/21/19,Default Buyer,212-857-1475,,No,Yes
Purchase Order,40,201930,66819,,,13,3/13/19,0,2230,2230,0,0,3/13/19,6/30/19,6/7/19,Default Buyer,212-857-1475,,No,Yes
Purchase Order,40,201930,68970,,,9,3/13/19,0,4940,4940,0,0,3/13/19,6/30/19,7/18/19,Default Buyer,212-857-1475,,No,Yes
Purchase Order,40,201930,68972,,,9,3/13/19,0,100,100,0,0,3/13/19,6/30/19,7/18/19,Default Buyer,212-857-1475,,No,Yes
Purchase Order,40,201930,26493,,,2,3/12/19,0,0,0,0,0,3/12/19,6/30/19,3/12/19,Default Buyer,212-857-1475,,No,Yes
Purchase Order,40,201930,67418,,,26,3/12/19,0,150,150,0,0,3/12/19,6/30/19,3/26/19,Default Buyer,212-857-1475,,No,Yes
Purchase Order,40,201930,67640,,,32,3/12/19,0,2600,2600,0,0,3/12/19,6/30/19,7/15/19,Default Buyer,212-857-1475,,No,Yes
Purchase Order,40,201930,67650,,,32,3/12/19,0,3000,3000,0,0,3/12/19,6/30/19,7/15/19,Default Buyer,212-857-1475,,No,Yes
Purchase Order,40,201930,62226,,,21,3/11/19,0,1890,1890,0,0,3/11/19,6/30/19,6/3/19,Default Buyer,212-857-1475,,No,Yes
Purchase Order,40,201930,62267,,,25,3/11/19,0,7410,6225,0,1185,3/11/19,6/30/19,,Default Buyer,212-857-1475,,No,No
Purchase Order,40,201930,66685,,,9,3/11/19,0,3000,3000,0,0,3/11/19,6/30/19,7/17/19,Default Buyer,212-857-1475,,No,Yes
Purchase Order,40,201930,66898,,,10,3/11/19,0,5000,5000,0,0,3/11/19,6/30/19,4/2/19,Default Buyer,212-857-1475,,No,Yes
Purchase Order,40,201930,65811,,,13,3/9/19,0,2610,2610,0,0,3/9/19,6/30/19,3/18/19,Default Buyer,212-857-1475,,No,Yes
Purchase Order,40,201930,65835,,,13,3/9/19,0,2610,2610,0,0,3/9/19,6/30/19,3/14/19,Default Buyer,212-857-1475,,No,Yes
Contract,40,201930,62314,WO190062314,,24,3/8/19,25000,22680,22680,0,2320,3/8/19,6/30/19,7/2/19,Default Buyer,212-857-1475,NEGOTIATED SERVICES-SERVICES,No,Yes
Purchase Order,40,201930,63434,,,14,3/8/19,0,5220,4500,0,720,3/8/19,6/30/19,,Default Buyer,212-857-1475,,No,No
Purchase Order,40,201930,63550,,,10,3/8/19,0,1915,1915,0,0,3/8/19,6/30/19,7/9/19,Default Buyer,212-857-1475,,No,Yes
Purchase Order,40,201930,65057,,,18,3/8/19,0,5350,5350,0,0,3/8/19,6/30/19,6/7/19,Default Buyer,212-857-1475,,No,Yes
Purchase Order,40,201930,65539,,,26,3/8/19,0,9580,9580,0,0,3/8/19,6/30/19,5/28/19,Default Buyer,212-857-1475,,No,Yes
Purchase Order,40,201930,65781,,,4,3/8/19,0,2635,2635,0,0,3/8/19,6/30/19,4/30/19,Default Buyer,212-857-1475,,No,Yes
Purchase Order,40,201930,63645,,,13,3/7/19,0,4460,4460,0,0,3/7/19,6/30/19,5/7/19,Default Buyer,212-857-1475,,No,Yes
Purchase Order,40,201930,64095,,,21,3/7/19,0,1185,1185,0,0,3/7/19,6/30/19,5/28/19,Default Buyer,212-857-1475,,No,Yes
Purchase Order,40,201930,51711,,,7,3/6/19,0,7950,7950,0,0,3/6/19,6/30/19,7/22/19,Default Buyer,212-857-1475,,No,Yes
Purchase Order,40,201930,60756,,,11,3/6/19,0,7950,7950,0,0,3/6/19,6/30/19,3/28/19,Default Buyer,212-857-1475,,No,Yes
Purchase Order,40,201930,63007,,,21,3/6/19,0,1160,1160,0,0,3/6/19,6/30/19,7/11/19,Default Buyer,212-857-1475,,No,Yes
Purchase Order,40,201930,63326,,,17,3/6/19,0,4350,4350,0,0,3/6/19,6/30/19,4/23/19,Default Buyer,212-857-1475,,No,Yes
Purchase Order,40,201930,63511,,,31,3/6/19,0,7260,7260,0,0,3/6/19,6/30/19,5/9/19,Default Buyer,212-857-1475,,No,Yes
Purchase Order,40,201930,57673,,,28,3/5/19,0,6960,6960,0,0,3/5/19,6/30/19,7/3/19,Default Buyer,212-857-1475,,No,Yes
Purchase Order,40,201930,58674,,,14,3/5/19,0,5520,5520,0,0,3/5/19,6/30/19,5/14/19,Default Buyer,212-857-1475,,No,Yes
Purchase Order,40,201930,62157,,,12,3/5/19,0,5350,5350,0,0,3/5/19,6/30/19,3/25/19,Default Buyer,212-857-1475,,No,Yes
Contract,40,201930,58044,WO190058044,,8,3/1/19,25000,23200,23200,0,1800,3/1/19,6/30/19,6/5/19,Default Buyer,212-857-1475,NEGOTIATED SERVICES-SERVICES,No,Yes
Purchase Order,40,201830,65551,,,14,3/1/19,0,7665,7665,0,0,3/1/19,6/30/19,3/1/19,Default Buyer,212-857-1475,,No,Yes
Purchase Order,40,201930,61603,,,21,3/1/19,0,1724.95,1724.95,0,0,3/1/19,6/30/19,4/25/19,Default Buyer,212-857-1475,,No,Yes
Purchase Order,40,201930,61607,,,27,3/1/19,0,4350,4350,0,0,3/1/19,6/30/19,7/3/19,Default Buyer,212-857-1475,,No,Yes
Purchase Order,40,201930,61778,,,3,3/1/19,0,6680,6680,0,0,3/1/19,6/30/19,4/17/19,Default Buyer,212-857-1475,,No,Yes
Purchase Order,40,201930,59065,,,12,2/28/19,0,0,0,0,0,2/28/19,6/30/19,2/28/19,Default Buyer,212-857-1475,,No,Yes
Purchase Order,40,201930,61161,,,12,2/28/19,0,4980,4980,0,0,2/28/19,6/30/19,6/5/19,Default Buyer,212-857-1475,,No,Yes
Purchase Order,40,201930,61208,,,21,2/28/19,0,3480,3480,0,0,2/28/19,6/30/19,3/25/19,Default Buyer,212-857-1475,,No,Yes
Purchase Order,40,201930,59998,,,21,2/27/19,0,2131.69,2131.69,0,0,2/27/19,6/30/19,5/6/19,Default Buyer,212-857-1475,,No,Yes
Purchase Order,40,201930,59048,,,20,2/26/19,0,3780,3780,0,0,2/26/19,6/30/19,5/30/19,Default Buyer,212-857-1475,,No,Yes
Purchase Order,40,201930,59463,,,17,2/26/19,0,150,150,0,0,2/26/19,6/30/19,3/1/19,Default Buyer,212-857-1475,,No,Yes
Purchase Order,40,201930,59542,,,28,2/26/19,0,150,150,0,0,2/26/19,6/30/19,5/20/19,Default Buyer,212-857-1475,,No,Yes
Purchase Order,40,201930,58725,,,10,2/25/19,0,2600,2600,0,0,2/25/19,6/30/19,4/8/19,Default Buyer,212-857-1475,,No,Yes
Contract,40,201930,57093,WO190057093,,6,2/21/19,25000,13000,13000,0,12000,2/21/19,6/30/19,5/28/19,Default Buyer,212-857-1475,NEGOTIATED SERVICES-SERVICES,No,Yes
Purchase Order,40,201830,35636,,,18,2/20/19,0,6575,6575,0,0,2/20/19,6/30/19,2/20/19,Default Buyer,212-857-1475,,No,Yes
Purchase Order,40,201930,57678,,,27,2/15/19,0,4740,4740,0,0,2/15/19,6/30/19,7/3/19,Default Buyer,212-857-1475,,No,Yes
Purchase Order,40,201930,57723,,,9,2/15/19,0,2040,1575,0,465,2/15/19,6/30/19,,Default Buyer,212-857-1475,,No,No
Purchase Order,40,201930,57801,,,9,2/15/19,0,2345,2345,0,0,2/15/19,6/30/19,6/19/19,Default Buyer,212-857-1475,,No,Yes
Purchase Order,40,201930,55684,,,4,2/13/19,0,7950,7950,0,0,2/13/19,6/30/19,3/6/19,Default Buyer,212-857-1475,,No,Yes
Purchase Order,40,201930,56005,,,12,2/13/19,0,8130,8130,0,0,2/13/19,6/30/19,7/9/19,Default Buyer,212-857-1475,,No,Yes
Purchase Order,40,201930,56301,,,8,2/13/19,0,1020,1020,0,0,2/13/19,6/30/19,3/28/19,Default Buyer,212-857-1475,,No,Yes
Purchase Order,40,201930,51983,,,12,2/12/19,0,7950,7950,0,0,2/12/19,6/30/19,6/5/19,Default Buyer,212-857-1475,,No,Yes
Purchase Order,40,201930,55612,,,6,2/12/19,0,1160,1160,0,0,2/12/19,6/30/19,4/11/19,Default Buyer,212-857-1475,,No,Yes
Purchase Order,40,201830,8277,,,8,2/11/19,0,4400,4400,0,0,2/11/19,6/30/19,2/11/19,Default Buyer,212-857-1475,,No,Yes
Purchase Order,40,201930,54785,,,6,2/8/19,0,1915,1915,0,0,2/8/19,6/30/19,3/6/19,Default Buyer,212-857-1475,,No,Yes
Purchase Order,40,201830,15197,,,13,2/7/19,0,150,150,0,0,2/7/19,6/30/19,2/7/19,Default Buyer,212-857-1475,,No,Yes
Purchase Order,40,201830,35993,,,27,2/7/19,0,7451,7451,0,0,2/7/19,6/30/19,2/7/19,Default Buyer,212-857-1475,,No,Yes
Purchase Order,40,201930,51972,,,2,2/7/19,0,7950,7950,0,0,2/7/19,6/30/19,4/1/19,Default Buyer,212-857-1475,,No,Yes
Purchase Order,40,201930,51736,,,7,2/1/19,0,1740,1740,0,0,2/1/19,6/30/19,7/10/19,Default Buyer,212-857-1475,,No,Yes
Purchase Order,40,201930,51750,,,7,2/1/19,0,300,300,0,0,2/1/19,6/30/19,6/5/19,Default Buyer,212-857-1475,,No,Yes
Purchase Order,40,201830,57120,,,19,1/31/19,0,0,0,0,0,1/31/19,6/30/19,1/31/19,Default Buyer,212-857-1475,,No,Yes
Purchase Order,40,201930,50307,,,28,1/31/19,0,0,0,0,0,1/31/19,6/30/19,1/31/19,Default Buyer,212-857-1475,,No,Yes
Purchase Order,40,201930,50915,,,18,1/30/19,0,2750,2750,0,0,1/30/19,6/30/19,4/4/19,Default Buyer,212-857-1475,,No,Yes
Purchase Order,40,201930,51050,,,32,1/30/19,0,2600,2600,0,0,1/30/19,6/30/19,3/4/19,Default Buyer,212-857-1475,,No,Yes
Purchase Order,40,201930,51059,,,32,1/30/19,0,3630,3630,0,0,1/30/19,6/30/19,6/21/19,Default Buyer,212-857-1475,,No,Yes
Contract,40,201930,50194,WO190050194,,10,1/29/19,25000,20440,20440,0,4560,1/29/19,6/30/19,4/23/19,Default Buyer,212-857-1475,3 BIDS-SERVICES,No,Yes
Purchase Order,40,201930,50311,,,12,1/29/19,0,4110,4110,0,0,1/29/19,6/30/19,6/6/19,Default Buyer,212-857-1475,,No,Yes
Purchase Order,40,201930,49771,,,10,1/28/19,0,5000,5000,0,0,1/28/19,6/30/19,4/8/19,Default Buyer,212-857-1475,,No,Yes
Purchase Order,40,201830,25281,,,20,1/25/19,0,4565,4565,0,0,1/25/19,6/30/19,1/25/19,William H. Sutton III,212-857-1475,,No,Yes
Purchase Order,40,201930,46517,,,8,1/25/19,0,7675,7375,0,300,1/25/19,6/30/19,,Default Buyer,212-857-1475,,No,No
Purchase Order,40,201930,49050,,,23,1/25/19,0,2600,2600,0,0,1/25/19,6/30/19,5/16/19,Default Buyer,212-857-1475,,No,Yes
Purchase Order,40,201930,49139,,,3,1/25/19,0,5200,5200,0,0,1/25/19,6/30/19,2/19/19,Default Buyer,212-857-1475,,No,Yes
Purchase Order,40,201930,49452,,,17,1/25/19,0,2750,2750,0,0,1/25/19,6/30/19,2/20/19,Default Buyer,212-857-1475,,No,Yes
Contract,40,201830,39322,,,27,1/24/19,25000,15200,15200,0,9800,1/24/19,6/30/19,1/24/19,William H. Sutton III,212-857-1475,VENDOR STATES PAID IN FULL,No,Yes
Contract,40,201930,35156,WO190035156,,31,1/24/19,25000,0,0,0,25000,1/24/19,6/30/19,1/24/19,William H. Sutton III,212-857-1475,DUE TO VENDOR PRICE CHANGES,No,Yes
Purchase Order,40,201930,48682,,,10,1/24/19,0,350,350,0,0,1/24/19,6/30/19,4/3/19,Default Buyer,212-857-1475,,No,Yes
Purchase Order,40,201930,48807,,,28,1/24/19,0,7950,7950,0,0,1/24/19,6/30/19,3/14/19,Default Buyer,212-857-1475,,No,Yes
Contract,40,201930,48147,WO190048147,,20,1/23/19,25000,19440,19440,0,5560,1/23/19,6/30/19,6/11/19,Default Buyer,212-857-1475,3 BIDS-SERVICES,No,Yes
Purchase Order,40,201930,47927,,,4,1/23/19,0,7950,7950,0,0,1/23/19,6/30/19,1/25/19,William H. Sutton III,212-857-1475,,No,Yes
Purchase Order,40,201930,48105,,,28,1/23/19,0,8935,1475,0,7460,1/23/19,6/30/19,,Default Buyer,212-857-1475,,No,No
Purchase Order,40,201930,48329,,,8,1/23/19,0,4950,4950,0,0,1/23/19,6/30/19,2/27/19,Default Buyer,212-857-1475,,No,Yes
Purchase Order,40,201930,48350,,,8,1/23/19,0,150,150,0,0,1/23/19,6/30/19,2/6/19,Default Buyer,212-857-1475,,No,Yes
Purchase Order,40,201930,46714,,,18,1/18/19,0,2750,2750,0,0,1/18/19,6/30/19,4/3/19,Default Buyer,212-857-1475,,No,Yes
Purchase Order,40,201930,46935,,,18,1/18/19,0,7950,7950,0,0,1/18/19,6/30/19,2/27/19,Default Buyer,212-857-1475,,No,Yes
Purchase Order,40,201930,47482,,,12,1/18/19,0,1475,1475,0,0,1/18/19,6/30/19,4/24/19,Default Buyer,212-857-1475,,No,Yes
Purchase Order,40,201930,46760,,,20,1/17/19,0,4840,4840,0,0,1/17/19,6/30/19,6/19/19,Default Buyer,212-857-1475,,No,Yes
Purchase Order,40,201930,45166,,,19,1/16/19,0,7350,7350,0,0,1/16/19,6/30/19,6/21/19,Default Buyer,212-857-1475,,No,Yes
Purchase Order,40,201930,46201,,,12,1/16/19,0,4260,4260,0,0,1/16/19,6/30/19,7/16/19,Default Buyer,212-857-1475,,No,Yes
Purchase Order,40,201930,46250,,,4,1/16/19,0,2750,2750,0,0,1/16/19,6/30/19,3/26/19,Default Buyer,212-857-1475,,No,Yes
Purchase Order,40,201930,45444,,,10,1/15/19,0,7410,7360,0,50,1/15/19,6/30/19,,Default Buyer,212-857-1475,,No,No
Purchase Order,40,201930,45339,,,19,1/14/19,0,2600,2600,0,0,1/14/19,6/30/19,3/5/19,Default Buyer,212-857-1475,,No,Yes
Purchase Order,40,201930,43111,,,21,1/11/19,0,4650,4650,0,0,1/11/19,6/30/19,5/9/19,Default Buyer,212-857-1475,,No,Yes
Purchase Order,40,201930,44339,,,20,1/11/19,0,2835,2835,0,0,1/11/19,6/30/19,4/1/19,Default Buyer,212-857-1475,,No,Yes
Purchase Order,40,201830,61463,,,9,1/10/19,0,2250,2250,0,0,1/10/19,6/30/19,1/10/19,William H. Sutton III,212-857-1475,,No,Yes
Purchase Order,40,201930,42256,,,12,1/10/19,0,5000,5000,0,0,1/10/19,6/30/19,7/19/19,Default Buyer,212-857-1475,,No,Yes
Purchase Order,40,201930,44422,,,23,1/10/19,0,3480,3480,0,0,1/10/19,6/30/19,4/23/19,Default Buyer,212-857-1475,,No,Yes
Purchase Order,40,201930,44437,,,23,1/10/19,0,2900,2900,0,0,1/10/19,6/30/19,3/8/19,Default Buyer,212-857-1475,,No,Yes
Purchase Order,40,201930,42591,,,2,1/9/19,0,5350,5350,0,0,1/9/19,6/30/19,5/17/19,Default Buyer,212-857-1475,,No,Yes
Purchase Order,40,201930,43500,,,27,1/9/19,0,2750,2750,0,0,1/9/19,6/30/19,4/3/19,Default Buyer,212-857-1475,,No,Yes
Purchase Order,40,201930,43538,,,3,1/9/19,0,7260,7260,0,0,1/9/19,6/30/19,6/24/19,Default Buyer,212-857-1475,,No,Yes
Contract,40,201930,15285,WO190015285,,11,1/8/19,25000,10740,10740,0,14260,1/8/19,6/30/19,1/8/19,William H. Sutton III,212-857-1475,WE ARE NO LONGER USING THEIR SERVICES,No,Yes
Purchase Order,40,201930,43042,,,27,1/8/19,0,3025,3025,0,0,1/8/19,6/30/19,7/3/19,Default Buyer,212-857-1475,,No,Yes
Contract,40,201930,40547,WO190040547,,8,1/7/19,25000,11900,11900,0,13100,1/7/19,6/30/19,1/29/19,Default Buyer,212-857-1475,NEGOTIATED SERVICES-SERVICES,No,Yes
Purchase Order,40,201930,37128,,,31,1/7/19,0,2750,2750,0,0,1/7/19,6/30/19,3/25/19,Default Buyer,212-857-1475,,No,Yes
Purchase Order,40,201930,41766,,,4,1/7/19,0,3630,3630,0,0,1/7/19,6/30/19,4/9/19,Default Buyer,212-857-1475,,No,Yes
Purchase Order,40,201930,37123,,,5,1/3/19,0,2520,2520,0,0,1/3/19,6/30/19,3/8/19,Default Buyer,212-857-1475,,No,Yes
Purchase Order,40,201930,41430,,,2,1/3/19,0,1635,1635,0,0,1/3/19,6/30/19,4/16/19,Default Buyer,212-857-1475,,No,Yes
Purchase Order,40,201930,41601,,,32,1/3/19,0,2470,2470,0,0,1/3/19,6/30/19,4/2/19,Default Buyer,212-857-1475,,No,Yes
Purchase Order,40,201930,41153,,,10,1/2/19,0,5000,5000,0,0,1/2/19,6/30/19,3/15/19,Default Buyer,212-857-1475,,No,Yes
Purchase Order,40,201930,41238,,,10,1/2/19,0,5000,5000,0,0,1/2/19,6/30/19,4/18/19,Default Buyer,212-857-1475,,No,Yes
Purchase Order,40,201930,41248,,,5,1/2/19,0,2900,2900,0,0,1/2/19,6/30/19,4/2/19,Default Buyer,212-857-1475,,No,Yes
Purchase Order,40,201930,41340,,,5,1/2/19,0,450,450,0,0,1/2/19,6/30/19,6/26/19,Default Buyer,212-857-1475,,No,Yes
Purchase Order,40,201930,41005,,,11,12/24/18,0,2750,2750,0,0,12/24/18,6/30/19,3/1/19,Default Buyer,212-857-1475,,No,Yes
Purchase Order,40,201930,40294,,,10,12/21/18,0,3930,3930,0,0,12/21/18,6/30/19,4/25/19,Default Buyer,212-857-1475,,No,Yes
Purchase Order,40,201930,40878,,,12,12/21/18,0,4999,4999,0,0,12/21/18,6/30/19,5/31/19,Default Buyer,212-857-1475,,No,Yes
Purchase Order,40,201830,54413,,,31,12/19/18,0,6000,6000,0,0,12/18/18,6/30/19,12/19/18,William H. Sutton III,212-857-1475,,No,Yes
Purchase Order,40,201830,61628,,,21,12/19/18,0,1650,1650,0,0,12/18/18,6/30/19,12/19/18,William H. Sutton III,212-857-1475,,No,Yes
Purchase Order,40,201930,39850,,,10,12/19/18,0,5670,5370,0,300,12/19/18,6/30/19,,Default Buyer,212-857-1475,,No,No
Purchase Order,40,201930,38371,,,25,12/17/18,0,5502,5502,0,0,12/17/18,6/30/19,1/29/19,Default Buyer,212-857-1475,,No,Yes
Purchase Order,40,201930,38966,,,21,12/17/18,0,290,290,0,0,12/17/18,6/30/19,4/3/19,Default Buyer,212-857-1475,,No,Yes
Purchase Order,40,201830,1652,,,8,12/14/18,0,7240,7240,0,0,12/14/18,6/30/19,12/14/18,William H. Sutton III,212-857-1475,,No,Yes
Purchase Order,40,201930,38753,,,20,12/14/18,0,3719.04,3719.04,0,0,12/14/18,6/30/19,4/26/19,Default Buyer,212-857-1475,,No,Yes
Purchase Order,40,201930,37150,,,3,12/12/18,0,8100,8100,0,0,12/12/18,6/30/19,1/18/19,William H. Sutton III,212-857-1475,,No,Yes
Purchase Order,40,201930,37154,,,3,12/12/18,0,3480,3480,0,0,12/12/18,6/30/19,5/6/19,Default Buyer,212-857-1475,,No,Yes
Purchase Order,40,201930,28610,,,22,12/11/18,0,9715,9715,0,0,12/11/18,6/30/19,4/24/19,Default Buyer,212-857-1475,,No,Yes
Purchase Order,40,201930,36293,,,5,12/11/18,0,5670,5670,0,0,12/11/18,6/30/19,7/15/19,Default Buyer,212-857-1475,,No,Yes
Purchase Order,40,201930,37636,,,32,12/11/18,0,3100,3100,0,0,12/11/18,6/30/19,2/14/19,Default Buyer,212-857-1475,,No,Yes
Purchase Order,40,201930,26512,,,2,12/10/18,0,7800,7800,0,0,12/10/18,6/30/19,12/11/18,William H. Sutton III,212-857-1475,,No,Yes
Purchase Order,40,201930,35964,,,2,12/10/18,0,2750,2750,0,0,12/10/18,6/30/19,12/27/18,William H. Sutton III,212-857-1475,,No,Yes
Purchase Order,40,201930,35117,,,19,12/7/18,0,7950,7950,0,0,12/7/18,6/30/19,1/31/19,Default Buyer,212-857-1475,,No,Yes
Purchase Order,40,201930,35972,,,31,12/6/18,0,580,580,0,0,12/6/18,6/30/19,7/9/19,Default Buyer,212-857-1475,,No,Yes
Purchase Order,40,201930,35797,,,31,12/5/18,0,5350,5350,0,0,12/5/18,6/30/19,7/9/19,Default Buyer,212-857-1475,,No,Yes
Purchase Order,40,201930,34370,,,5,12/4/18,0,9150,9150,0,0,12/4/18,6/30/19,7/15/19,Default Buyer,212-857-1475,,No,Yes
Purchase Order,40,201930,34377,,,17,11/30/18,0,7950,7950,0,0,11/30/18,6/30/19,12/21/18,William H. Sutton III,212-857-1475,,No,Yes
Contract,40,201930,27199,WO190027199,,20,11/29/18,25000,10890,10890,0,14110,11/29/18,6/30/19,4/8/19,Default Buyer,212-857-1475,3 BIDS-SERVICES-1,No,Yes
Purchase Order,40,201830,6953,,,9,11/29/18,0,1650,1650,0,0,11/29/18,6/30/19,11/29/18,William H. Sutton III,212-857-1475,,No,Yes
Purchase Order,40,201930,33864,,,2,11/29/18,0,5220,5220,0,0,11/29/18,6/30/19,4/4/19,Default Buyer,212-857-1475,,No,Yes
Purchase Order,40,201930,34182,,,8,11/29/18,0,4890,4890,0,0,11/29/18,6/30/19,6/5/19,Default Buyer,212-857-1475,,No,Yes
Purchase Order,40,201930,33345,,,32,11/28/18,0,2900,2900,0,0,11/28/18,6/30/19,12/21/18,William H. Sutton III,212-857-1475,,No,Yes
Purchase Order,40,201930,33772,,,5,11/28/18,0,6315,6315,0,0,11/28/18,6/30/19,7/11/19,Default Buyer,212-857-1475,,No,Yes
Purchase Order,40,201930,32947,,,25,11/27/18,0,2750,2750,0,0,11/27/18,6/30/19,1/29/19,Default Buyer,212-857-1475,,No,Yes
Purchase Order,40,201930,33130,,,32,11/27/18,0,0,0,0,0,11/27/18,6/30/19,11/27/18,William H. Sutton III,212-857-1475,,No,Yes
Purchase Order,40,201930,32373,,,32,11/21/18,0,605,605,0,0,11/21/18,6/30/19,12/19/18,William H. Sutton III,212-857-1475,,No,Yes
Contract,40,201830,2017,,,25,11/20/18,25000,10090,10090,0,14910,11/20/18,6/30/19,11/20/18,William H. Sutton III,212-857-1475,FMS INTEGRATION,No,Yes
Purchase Order,40,201830,34737,,,11,11/20/18,0,0,0,0,0,11/20/18,6/30/19,11/20/18,William H. Sutton III,212-857-1475,,No,Yes
Purchase Order,40,201930,31151,,,2,11/19/18,0,7950,7950,0,0,11/19/18,6/30/19,12/20/18,William H. Sutton III,212-857-1475,,No,Yes
Purchase Order,40,201930,30017,,,3,11/16/18,0,3530,3530,0,0,11/16/18,6/30/19,1/7/19,William H. Sutton III,212-857-1475,,No,Yes
Purchase Order,40,201930,30129,,,2,11/16/18,0,3480,3480,0,0,11/16/18,6/30/19,1/4/19,William H. Sutton III,212-857-1475,,No,Yes
Purchase Order,40,201930,30212,,,19,11/16/18,0,2750,2750,0,0,11/16/18,6/30/19,5/6/19,Default Buyer,212-857-1475,,No,Yes
Purchase Order,40,201930,30336,,,11,11/16/18,0,9000,8560,0,440,11/16/18,6/30/19,,Default Buyer,212-857-1475,,No,No
Purchase Order,40,201930,31045,,,24,11/16/18,0,1210,1210,0,0,11/16/18,6/30/19,2/6/19,Default Buyer,212-857-1475,,No,Yes
Contract,40,201930,29050,WO190029050,,29,11/15/18,25000,10440,10440,0,14560,11/15/18,6/30/19,6/24/19,Default Buyer,212-857-1475,NEGOTIATED SERVICES-SERVICES,No,Yes
Purchase Order,40,201930,30239,,,10,11/15/18,0,8700,8700,0,0,11/15/18,6/30/19,1/25/19,William H. Sutton III,212-857-1475,,No,Yes
Purchase Order,40,201930,24563,,,11,11/14/18,0,9000,8850,0,150,11/14/18,6/30/19,,Default Buyer,212-857-1475,,No,No
Purchase Order,40,201930,28864,,,10,11/14/18,0,8100,8100,0,0,11/14/18,6/30/19,1/16/19,William H. Sutton III,212-857-1475,,No,Yes
Purchase Order,40,201930,30245,,,10,11/14/18,0,1740,1740,0,0,11/14/18,6/30/19,1/7/19,William H. Sutton III,212-857-1475,,No,Yes
Purchase Order,40,201930,29633,,,22,11/13/18,0,2340,2190,0,150,11/13/18,6/30/19,,Default Buyer,212-857-1475,,No,No
Purchase Order,40,201930,27247,,,22,11/9/18,0,5670,5670,0,0,11/9/18,6/30/19,5/20/19,Default Buyer,212-857-1475,,No,Yes
Purchase Order,40,201930,27982,,,22,11/9/18,0,9125,9125,0,0,11/9/18,6/30/19,4/5/19,Default Buyer,212-857-1475,,No,Yes
Purchase Order,40,201930,29012,,,6,11/9/18,0,500,500,0,0,11/9/18,6/30/19,7/12/19,Default Buyer,212-857-1475,,No,Yes
Purchase Order,40,201830,8748,,,8,11/7/18,0,4250,4250,0,0,11/7/18,6/30/19,11/7/18,William H. Sutton III,212-857-1475,,No,Yes
Purchase Order,40,201930,27454,,,22,11/7/18,0,7410,7410,0,0,11/7/18,6/30/19,7/2/19,Default Buyer,212-857-1475,,No,Yes
Purchase Order,40,201830,14543,,,12,11/6/18,0,2825,2825,0,0,11/6/18,6/30/19,11/6/18,William H. Sutton III,212-857-1475,,No,Yes
Contract,40,201930,27270,WO190027270,,26,11/5/18,25000,11500,11500,0,13500,11/5/18,6/30/19,11/14/18,William H. Sutton III,212-857-1475,3 BIDS-SERVICES,No,Yes
Purchase Order,40,201930,27207,,,5,11/5/18,0,2190,2190,0,0,11/5/18,6/30/19,3/4/19,Default Buyer,212-857-1475,,No,Yes
Purchase Order,40,201830,91042,,,24,11/2/18,0,0,0,0,0,11/2/18,6/30/19,11/2/18,William H. Sutton III,212-857-1475,,No,Yes
Purchase Order,40,201930,26281,,,2,11/2/18,0,3630,3630,0,0,11/2/18,6/30/19,1/23/19,William H. Sutton III,212-857-1475,,No,Yes
Purchase Order,40,201930,26097,,,9,11/1/18,0,7950,7950,0,0,11/1/18,6/30/19,12/17/18,William H. Sutton III,212-857-1475,,No,Yes
Purchase Order,40,201930,23583,,,23,10/31/18,0,5500.02,5500.02,0,0,10/31/18,6/30/19,12/21/18,William H. Sutton III,212-857-1475,,No,Yes
Contract,40,201930,25387,WO190025387,,21,10/30/18,25000,23330,23330,0,1670,10/30/18,6/30/19,5/8/19,Default Buyer,212-857-1475,NEGOTIATED SERVICES-SERVICES,No,Yes
Contract,40,201930,24810,WO190024810,,7,10/29/18,25000,14525,14525,0,10475,10/29/18,6/30/19,4/4/19,Default Buyer,212-857-1475,3 BIDS-SERVICES-14525,No,Yes
Purchase Order,40,201930,24401,,,9,10/25/18,0,4625,4625,0,0,10/25/18,6/30/19,7/17/19,Default Buyer,212-857-1475,,No,Yes
Purchase Order,40,201930,23298,,,14,10/23/18,0,3115.2,3085,0,30.2,10/23/18,6/30/19,,Default Buyer,212-857-1475,,No,No
Contract,40,201930,22014,WO190022014,,6,10/22/18,25000,12000,12000,0,13000,10/22/18,6/30/19,11/15/18,William H. Sutton III,212-857-1475,NEGOTIATED SERVICES-SERVICES,No,Yes
Purchase Order,40,201930,20143,,,29,10/22/18,0,5800,5800,0,0,10/22/18,6/30/19,3/4/19,Default Buyer,212-857-1475,,No,Yes
Purchase Order,40,201930,21617,,,13,10/22/18,0,150,150,0,0,10/22/18,6/30/19,10/31/18,William H. Sutton III,212-857-1475,,No,Yes
Purchase Order,40,201930,19741,,,30,10/19/18,0,6225,6225,0,0,10/19/18,6/30/19,7/22/19,Default Buyer,212-857-1475,,No,Yes
Purchase Order,40,201930,20951,,,21,10/18/18,0,1740,1740,0,0,10/18/18,6/30/19,7/11/19,Default Buyer,212-857-1475,,No,Yes
Purchase Order,40,201930,20227,,,10,10/17/18,0,5350,5350,0,0,10/17/18,6/30/19,11/30/18,William H. Sutton III,212-857-1475,,No,Yes
Purchase Order,40,201930,20867,,,11,10/17/18,0,5350,5350,0,0,10/17/18,6/30/19,5/8/19,Default Buyer,212-857-1475,,No,Yes
Purchase Order,40,201930,20103,,,26,10/16/18,0,6945,6945,0,0,10/16/18,6/30/19,10/22/18,William H. Sutton III,212-857-1475,,No,Yes
Purchase Order,40,201930,18160,,,21,10/15/18,0,3930,3905,0,25,10/15/18,6/30/19,,Default Buyer,212-857-1475,,No,No
Purchase Order,40,201930,19244,,,21,10/15/18,0,3640,3640,0,0,10/15/18,6/30/19,4/22/19,Default Buyer,212-857-1475,,No,Yes
Purchase Order,40,201930,19724,,,11,10/15/18,0,9860,9860,0,0,10/15/18,6/30/19,11/19/18,William H. Sutton III,212-857-1475,,No,Yes
Purchase Order,40,201930,20209,,,8,10/15/18,0,4980,4980,0,0,10/15/18,6/30/19,4/24/19,Default Buyer,212-857-1475,,No,Yes
Contract,40,201930,18797,WO190018797,,24,10/12/18,25000,17850,17850,0,7150,10/12/18,6/30/19,3/28/19,Default Buyer,212-857-1475,NEGOTIATED SERVICES-SERVICES,No,Yes
Purchase Order,40,201930,19636,,,17,10/12/18,0,5670,5670,0,0,10/12/18,6/30/19,6/5/19,Default Buyer,212-857-1475,,No,Yes
Purchase Order,40,201930,19648,,,11,10/12/18,0,7950,7950,0,0,10/12/18,6/30/19,12/21/18,William H. Sutton III,212-857-1475,,No,Yes
Purchase Order,40,201930,18156,,,2,10/11/18,0,5350,5350,0,0,10/11/18,6/30/19,2/8/19,Default Buyer,212-857-1475,,No,Yes
Purchase Order,40,201930,18294,,,27,10/11/18,0,6530,6530,0,0,10/11/18,6/30/19,4/5/19,Default Buyer,212-857-1475,,No,Yes
Purchase Order,40,201930,19139,,,17,10/11/18,0,3930,3930,0,0,10/11/18,6/30/19,4/12/19,Default Buyer,212-857-1475,,No,Yes
Contract,40,201930,14976,WO190014976,,11,10/10/18,25000,22920,22920,0,2080,10/10/18,6/30/19,12/20/18,William H. Sutton III,212-857-1475,NEGOTIATED SERVICES-SERVICES,No,Yes
Purchase Order,40,201930,17938,,,10,10/10/18,0,5500,5500,0,0,10/10/18,6/30/19,7/12/19,Default Buyer,212-857-1475,,No,Yes
Purchase Order,40,201930,18350,,,28,10/10/18,0,2520,2520,0,0,10/10/18,6/30/19,4/22/19,Default Buyer,212-857-1475,,No,Yes
Purchase Order,40,201930,17762,,,11,10/9/18,0,3000,3000,0,0,10/9/18,6/30/19,3/5/19,Default Buyer,212-857-1475,,No,Yes
Purchase Order,40,201930,17764,,,11,10/9/18,0,3000,3000,0,0,10/9/18,6/30/19,3/5/19,Default Buyer,212-857-1475,,No,Yes
Purchase Order,40,201930,17895,,,14,10/9/18,0,3440,3440,0,0,10/9/18,6/30/19,6/26/19,Default Buyer,212-857-1475,,No,Yes
Purchase Order,40,201930,11092,,,28,10/4/18,0,6960,6960,0,0,10/4/18,6/30/19,12/27/18,William H. Sutton III,212-857-1475,,No,Yes
Purchase Order,40,201930,16659,,,25,10/4/18,0,6000,6000,0,0,10/4/18,6/30/19,2/1/19,Default Buyer,212-857-1475,,No,Yes
Purchase Order,40,201930,15777,,,24,10/3/18,0,1740,1160,0,580,10/3/18,6/30/19,,Default Buyer,212-857-1475,,No,No
Purchase Order,40,201930,16427,,,11,10/3/18,0,3000,3000,0,0,10/3/18,6/30/19,10/18/18,William H. Sutton III,212-857-1475,,No,Yes
Purchase Order,40,201930,16612,,,28,10/3/18,0,3100,3100,0,0,10/3/18,6/30/19,1/8/19,William H. Sutton III,212-857-1475,,No,Yes
Purchase Order,40,201930,14003,,,7,10/2/18,0,5670,5670,0,0,10/2/18,6/30/19,7/9/19,Default Buyer,212-857-1475,,No,Yes
Purchase Order,40,201930,15855,,,21,10/2/18,0,4940,4940,0,0,10/2/18,6/30/19,7/11/19,Default Buyer,212-857-1475,,No,Yes
Purchase Order,40,201930,16044,,,6,10/2/18,0,4980,4980,0,0,10/2/18,6/30/19,3/4/19,Default Buyer,212-857-1475,,No,Yes
Purchase Order,40,201930,15217,,,12,10/1/18,0,300,300,0,0,10/1/18,6/30/19,10/4/18,William H. Sutton III,212-857-1475,,No,Yes
Purchase Order,40,201930,15287,,,6,10/1/18,0,3000,3000,0,0,10/1/18,6/30/19,10/18/18,William H. Sutton III,212-857-1475,,No,Yes
Contract,40,201930,14538,WO190014538,,11,9/28/18,25000,0,0,0,25000,9/28/18,6/30/19,9/28/18,William H. Sutton III,212-857-1475,FMS INTEGRATION,No,Yes
Purchase Order,40,201930,13077,,,27,9/28/18,0,9150,9025,0,125,9/28/18,6/30/19,,Default Buyer,212-857-1475,,No,No
Purchase Order,40,201930,14505,,,21,9/28/18,0,7410,7410,0,0,9/28/18,6/30/19,3/27/19,Default Buyer,212-857-1475,,No,Yes
Purchase Order,40,201930,12904,,,8,9/27/18,0,6075,6075,0,0,9/27/18,6/30/19,11/2/18,William H. Sutton III,212-857-1475,,No,Yes
Purchase Order,40,201930,13522,,,16,9/26/18,0,2190,2190,0,0,9/26/18,6/30/19,3/15/19,Default Buyer,212-857-1475,,No,Yes
Purchase Order,40,201930,13709,,,11,9/26/18,0,3000,3000,0,0,9/26/18,6/30/19,10/18/18,William H. Sutton III,212-857-1475,,No,Yes
Purchase Order,40,201930,13043,,,11,9/25/18,0,3930,3930,0,0,9/25/18,6/30/19,3/21/19,Default Buyer,212-857-1475,,No,Yes
Purchase Order,40,201930,5602,,,9,9/24/18,0,3000,3000,0,0,9/24/18,6/30/19,10/15/18,William H. Sutton III,212-857-1475,,No,Yes
Purchase Order,40,201930,11290,,,6,9/21/18,0,5670,4890,0,780,9/21/18,6/30/19,,Default Buyer,212-857-1475,,No,No
Purchase Order,40,201930,12090,,,31,9/21/18,0,6750,6750,0,0,9/21/18,6/30/19,11/27/18,William H. Sutton III,212-857-1475,,No,Yes
Purchase Order,40,201930,10653,,,12,9/20/18,0,8520,8370,0,150,9/20/18,6/30/19,,Default Buyer,212-857-1475,,No,No
Purchase Order,40,201930,7474,,,7,9/18/18,0,7410,6200,0,1210,9/18/18,6/30/19,,Default Buyer,212-857-1475,,No,No
Purchase Order,40,201930,10752,,,32,9/18/18,0,4475,4425,0,50,9/18/18,6/30/19,,William H. Sutton III,212-857-1475,,No,No
Purchase Order,40,201930,7270,,,8,9/17/18,0,3000,3000,0,0,9/17/18,6/30/19,3/29/19,Default Buyer,212-857-1475,,No,Yes
Purchase Order,40,201930,8136,,,9,9/17/18,0,7260,7260,0,0,9/17/18,6/30/19,7/12/19,Default Buyer,212-857-1475,,No,Yes
Purchase Order,40,201930,8686,,,14,9/13/18,0,4500,4500,0,0,9/13/18,6/30/19,10/23/18,William H. Sutton III,212-857-1475,,No,Yes
Purchase Order,40,201930,8690,,,6,9/13/18,0,3930,3930,0,0,9/13/18,6/30/19,7/23/19,Default Buyer,212-857-1475,,No,Yes
Contract,40,201930,8293,WO19008293,,8,9/12/18,25000,20520,20520,0,4480,9/12/18,6/30/19,9/27/18,William H. Sutton III,212-857-1475,NEGOTIATED SERVICES-SERVICES,No,Yes
Purchase Order,40,201930,7277,,,29,9/12/18,0,9150,9150,0,0,9/12/18,6/30/19,9/25/18,William H. Sutton III,212-857-1475,,No,Yes
Purchase Order,40,201930,8378,,,4,9/12/18,0,3760,3760,0,0,9/12/18,6/30/19,11/14/18,William H. Sutton III,212-857-1475,,No,Yes
Purchase Order,40,201930,6893,,,10,9/7/18,0,9150,9150,0,0,9/7/18,6/30/19,4/2/19,Default Buyer,212-857-1475,,No,Yes
Purchase Order,40,201930,5406,,,21,9/4/18,0,1890,1890,0,0,9/4/18,6/30/19,3/18/19,Default Buyer,212-857-1475,,No,Yes
Purchase Order,40,201930,6029,,,19,9/4/18,0,3180,3180,0,0,9/4/18,6/30/19,11/8/18,William H. Sutton III,212-857-1475,,No,Yes
Purchase Order,40,201930,6255,,,29,9/4/18,0,8381,8351,0,30,9/4/18,6/30/19,,Default Buyer,212-857-1475,,No,No
Purchase Order,40,201930,6497,,,7,9/4/18,0,3750,3750,0,0,9/4/18,6/30/19,11/2/18,William H. Sutton III,212-857-1475,,No,Yes
Purchase Order,40,201930,5235,,,30,8/30/18,0,5395,5395,0,0,8/30/18,6/30/19,11/8/18,William H. Sutton III,212-857-1475,,No,Yes
Purchase Order,40,201930,4534,,,15,8/28/18,0,9780,9780,0,0,8/28/18,6/30/19,7/18/19,Default Buyer,212-857-1475,,No,Yes
Purchase Order,40,201930,4395,,,21,8/27/18,0,0,0,0,0,8/27/18,6/30/19,8/27/18,William H. Sutton III,212-857-1475,,No,Yes
Purchase Order,40,201930,4009,,,14,8/15/18,0,4500,4500,0,0,8/15/18,6/30/19,10/23/18,William H. Sutton III,212-857-1475,,No,Yes
Purchase Order,40,201930,4113,,,93,8/15/18,0,6000,6000,0,0,8/15/18,6/30/19,9/4/18,William H. Sutton III,212-857-1475,,No,Yes
Purchase Order,40,201930,4118,,,93,8/15/18,0,8320,8320,0,0,8/15/18,6/30/19,10/9/18,William H. Sutton III,212-857-1475,,No,Yes
Purchase Order,40,201930,3831,,,10,8/13/18,0,1740,1740,0,0,8/13/18,6/30/19,9/26/18,William H. Sutton III,212-857-1475,,No,Yes
Purchase Order,40,201830,43253,,,7,8/11/18,0,3525,3525,0,0,1/11/18,6/30/18,10/16/18,William H. Sutton III,212-857-1475,,No,Yes
Purchase Order,40,201830,45852,,,28,8/11/18,0,4490,4490,0,0,1/22/18,6/30/18,4/17/19,Default Buyer,212-857-1475,,No,Yes
Purchase Order,40,201830,55031,,,15,8/11/18,0,150,150,0,0,2/14/18,6/30/18,2/7/19,Default Buyer,212-857-1475,,No,Yes
Purchase Order,40,201830,57159,,,19,8/11/18,0,275,275,0,0,2/26/18,6/30/18,2/26/19,Default Buyer,212-857-1475,,No,Yes
Purchase Order,40,201830,79788,,,18,8/11/18,0,4400,4400,0,0,4/16/18,6/30/18,8/30/18,William H. Sutton III,212-857-1475,,No,Yes
Purchase Order,40,201830,95503,,,85,8/11/18,0,3000,3000,0,0,5/18/18,6/30/18,10/17/18,William H. Sutton III,212-857-1475,,No,Yes
Contract,40,201930,3684,WO19003684,,30,8/10/18,25000,14220,14220,0,10780,8/10/18,6/30/19,5/9/19,Default Buyer,212-857-1475,NEGOTIATED SERVICES-SERVICES,No,Yes
Purchase Order,40,201730,52059,,,4,8/7/18,0,5610,5610,0,0,8/6/18,6/30/19,8/7/18,William H. Sutton III,212-857-1475,Roll Document from 2017 to 2018,No,Yes
Purchase Order,40,201730,66952,,,3,8/7/18,0,545,545,0,0,8/6/18,6/30/19,8/7/18,William H. Sutton III,212-857-1475,Roll Document from 2017 to 2018,No,Yes
Purchase Order,40,201930,1936,,,8,7/30/18,0,6000,6000,0,0,7/30/18,6/30/19,9/12/18,William H. Sutton III,212-857-1475,,No,Yes
Purchase Order,40,201930,1975,,,11,7/26/18,0,3000,3000,0,0,7/26/18,6/30/19,9/12/18,William H. Sutton III,212-857-1475,,No,Yes
Purchase Order,40,201930,2113,,,30,7/26/18,0,4500,4500,0,0,7/26/18,6/30/19,9/12/18,William H. Sutton III,212-857-1475,,No,Yes
Purchase Order,40,201930,2117,,,10,7/26/18,0,6000,6000,0,0,7/26/18,6/30/19,10/22/18,William H. Sutton III,212-857-1475,,No,Yes
Purchase Order,40,201930,2139,,,17,7/26/18,0,1045,1045,0,0,7/26/18,6/30/19,10/11/18,William H. Sutton III,212-857-1475,,No,Yes
Contract,40,201930,1649,WO19001649,,7,7/23/18,25000,10550,10550,0,14450,7/23/18,6/30/19,11/1/18,William H. Sutton III,212-857-1475,NEGOTIATED SERVICES-SERVICES,No,Yes
Contract,40,201930,1663,WO19001663,,11,7/20/18,25000,14220,14220,0,10780,7/20/18,6/30/19,5/14/19,Default Buyer,212-857-1475,NEGOTIATED SERVICES-SERVICES,No,Yes
Purchase Order,40,201930,1150,,,11,7/16/18,0,3150,3150,0,0,7/16/18,6/30/19,8/13/18,William H. Sutton III,212-857-1475,,No,Yes
Contract,40,201830,92872,,,26,7/7/18,25000,16050,16050,0,8950,4/26/18,6/30/18,9/24/18,William H. Sutton III,212-857-1475,NEGOTIATED SERVICES-SERVICES,No,Yes
Contract,40,201830,95743,,,93,7/7/18,25000,24900,24900,0,100,5/21/18,6/30/18,7/9/18,William H. Sutton III,212-857-1475,3 BIDS-SERVICES,No,Yes
Contract,40,201830,96325,,,29,7/7/18,25000,16740,16740,0,8260,6/28/18,6/30/18,8/29/18,William H. Sutton III,212-857-1475,COMPETITIVE GRANT-SERVICES,No,Yes
Contract,40,201930,183,WO19000183,,26,6/29/18,25000,24000,24000,0,1000,6/29/18,6/30/19,8/31/18,William H. Sutton III,212-857-1475,NEGOTIATED SERVICES-SERVICES,No,Yes
Purchase Order,40,201830,55007,,,15,6/28/18,0,0,0,0,0,6/28/18,6/30/18,6/28/18,William H. Sutton III,212-857-1475,,No,Yes
Contract,40,201830,32311,,,27,5/15/18,25000,12100,12100,0,12900,5/15/18,6/30/18,5/15/18,William H. Sutton III,212-857-1475,DIDNT PERFORM REST OF SERVICES,No,Yes
Contract,40,201830,92277,,,31,4/24/18,25000,12000,12000,0,13000,4/24/18,6/30/18,6/27/18,William H. Sutton III,212-857-1475,NEGOTIATED SERVICES-SERVICES,No,Yes
Contract,40,201830,82117,,,14,4/23/18,25000,10800,10800,0,14200,4/23/18,6/30/18,6/26/18,William H. Sutton III,212-857-1475,NEGOTIATED SERVICES-SERVICES,No,Yes
Purchase Order,40,201830,87609,,,6,4/20/18,0,3000,3000,0,0,4/20/18,6/30/18,6/14/18,William H. Sutton III,212-857-1475,,No,Yes
Purchase Order,40,201830,89785,,,8,4/20/18,0,5000,5000,0,0,4/20/18,6/30/18,6/19/18,William H. Sutton III,212-857-1475,,No,Yes
Contract,40,201830,85885,,,8,4/19/18,25000,11800,11800,0,13200,4/19/18,6/30/18,6/19/18,William H. Sutton III,212-857-1475,NEGOTIATED SERVICES-SERVICES,No,Yes
Purchase Order,40,201830,82673,,,7,4/18/18,0,7150,7150,0,0,4/18/18,6/30/18,5/2/18,William H. Sutton III,212-857-1475,,No,Yes
Purchase Order,40,201830,72675,,,25,3/28/18,0,3000,3000,0,0,3/28/18,6/30/18,4/26/18,William H. Sutton III,212-857-1475,,No,Yes
Purchase Order,40,201830,65882,,,14,3/16/18,0,5400,5400,0,0,3/16/18,6/30/18,5/11/18,William H. Sutton III,212-857-1475,,No,Yes
Purchase Order,40,201830,67158,,,29,3/16/18,0,275,275,0,0,3/16/18,6/30/18,4/27/18,William H. Sutton III,212-857-1475,,No,Yes
Purchase Order,40,201730,22265,,,27,3/14/18,0,1610,1610,0,0,3/14/18,6/30/18,3/14/18,William H. Sutton III,212-857-1475,Roll Document from 2017 to 2018,No,Yes
Purchase Order,40,201730,55263,,,4,3/14/18,0,3025,3025,0,0,3/14/18,6/30/18,3/14/18,William H. Sutton III,212-857-1475,Roll Document from 2017 to 2018,No,Yes
Purchase Order,40,201830,66037,,,15,3/13/18,0,0,0,0,0,3/13/18,6/30/18,3/13/18,William H. Sutton III,212-857-1475,,No,Yes
Purchase Order,40,201830,66087,,,15,3/13/18,0,1675,1675,0,0,3/13/18,6/30/18,4/5/18,William H. Sutton III,212-857-1475,,No,Yes
Purchase Order,40,201830,63386,,,28,3/8/18,0,550,550,0,0,3/8/18,6/30/18,5/23/18,William H. Sutton III,212-857-1475,,No,Yes
Purchase Order,40,201830,63398,,,28,3/8/18,0,3000,3000,0,0,3/8/18,6/30/18,4/26/18,William H. Sutton III,212-857-1475,,No,Yes
Contract,40,201830,61727,,,11,3/6/18,25000,12440,12440,0,12560,3/6/18,6/30/18,4/5/18,William H. Sutton III,212-857-1475,NEGOTIATED SERVICES-SERVICES,No,Yes
Purchase Order,40,201830,61695,,,26,3/6/18,0,1500,1500,0,0,3/6/18,6/30/18,6/29/18,William H. Sutton III,212-857-1475,,No,Yes
Purchase Order,40,201830,61903,,,21,3/6/18,0,1400,1400,0,0,3/6/18,6/30/18,3/28/18,William H. Sutton III,212-857-1475,,No,Yes
Purchase Order,40,201830,59944,,,1,3/2/18,0,1650,1650,0,0,3/2/18,6/30/18,6/1/18,William H. Sutton III,212-857-1475,,No,Yes
Purchase Order,40,201830,55070,,,12,3/1/18,0,4400,4400,0,0,3/1/18,6/30/18,4/20/18,William H. Sutton III,212-857-1475,,No,Yes
Contract,40,201830,52338,,,31,2/28/18,25000,10050,10050,0,14950,2/28/18,6/30/18,5/7/18,William H. Sutton III,212-857-1475,CHANGE NOTICE,No,Yes
Purchase Order,40,201830,54983,,,15,2/28/18,0,6875,6875,0,0,2/28/18,6/30/18,6/7/18,William H. Sutton III,212-857-1475,,No,Yes
Contract,40,201830,54396,,,13,2/27/18,25000,22000,22000,0,3000,2/27/18,6/30/18,6/18/18,William H. Sutton III,212-857-1475,NEGOTIATED SERVICES-SERVICES,No,Yes
Purchase Order,40,201830,56978,,,31,2/27/18,0,3000,3000,0,0,2/27/18,6/30/18,5/4/18,William H. Sutton III,212-857-1475,,No,Yes
Purchase Order,40,201830,58122,,,3,2/27/18,0,180,180,0,0,2/27/18,6/30/18,6/25/18,William H. Sutton III,212-857-1475,,No,Yes
Purchase Order,40,201830,57122,,,10,2/26/18,0,3915,3915,0,0,2/26/18,6/30/18,6/27/18,William H. Sutton III,212-857-1475,,No,Yes
Purchase Order,40,201830,57149,,,19,2/26/18,0,4125,4125,0,0,2/26/18,6/30/18,6/26/18,William H. Sutton III,212-857-1475,,No,Yes
Purchase Order,40,201830,53765,,,29,2/15/18,0,5000,5000,0,0,2/15/18,6/30/18,7/17/18,William H. Sutton III,212-857-1475,,No,Yes
Contract,40,201830,54775,,,28,2/13/18,25000,24875,24875,0,125,2/13/18,6/30/18,5/31/18,William H. Sutton III,212-857-1475,NEGOTIATED SERVICES-SERVICES,No,Yes
Purchase Order,40,201730,49967,,,6,2/12/18,0,1065,1065,0,0,2/12/18,6/30/18,2/12/18,William H. Sutton III,212-857-1475,Roll Document from 2017 to 2018,No,Yes
Purchase Order,40,201830,54166,,,3,2/12/18,0,1740,1740,0,0,2/12/18,6/30/18,5/29/18,William H. Sutton III,212-857-1475,,No,Yes
Purchase Order,40,201830,53403,,,3,2/9/18,0,1650,1650,0,0,2/9/18,6/30/18,3/13/18,William H. Sutton III,212-857-1475,,No,Yes
Purchase Order,40,201830,51781,,,6,2/6/18,0,2965,2965,0,0,2/6/18,6/30/18,6/6/18,William H. Sutton III,212-857-1475,,No,Yes
Purchase Order,40,201830,51927,,,6,2/6/18,0,1000,1000,0,0,2/6/18,6/30/18,6/4/18,William H. Sutton III,212-857-1475,,No,Yes
Contract,40,201830,47128,,,14,1/31/18,25000,12225,12225,0,12775,1/31/18,6/30/18,4/25/18,William H. Sutton III,212-857-1475,NEGOTIATED SERVICES-SERVICES,No,Yes
Purchase Order,40,201830,48273,,,30,1/29/18,0,2640,2640,0,0,1/29/18,6/30/18,6/7/18,William H. Sutton III,212-857-1475,,No,Yes
Purchase Order,40,201830,48476,,,24,1/29/18,0,2750,2750,0,0,1/29/18,6/30/18,5/17/18,William H. Sutton III,212-857-1475,,No,Yes
Contract,40,201830,43788,,,13,1/24/18,25000,12200,12200,0,12800,1/24/18,6/30/18,6/13/18,William H. Sutton III,212-857-1475,NEGOTIATED SERVICES-SERVICES,No,Yes
Purchase Order,40,201830,46779,,,28,1/24/18,0,1500,1500,0,0,1/24/18,6/30/18,4/12/18,William H. Sutton III,212-857-1475,,No,Yes
Purchase Order,40,201830,46845,,,31,1/24/18,0,275,275,0,0,1/24/18,6/30/18,7/12/18,William H. Sutton III,212-857-1475,,No,Yes
Purchase Order,40,201830,45616,,,2,1/22/18,0,3665,3665,0,0,1/22/18,6/30/18,6/22/18,William H. Sutton III,212-857-1475,,No,Yes
Purchase Order,40,201830,45953,,,4,1/22/18,0,3300,3300,0,0,1/22/18,6/30/18,4/9/18,William H. Sutton III,212-857-1475,,No,Yes
Purchase Order,40,201830,44965,,,2,1/18/18,0,2200,2200,0,0,1/18/18,6/30/18,6/22/18,William H. Sutton III,212-857-1475,,No,Yes
Purchase Order,40,201830,44446,,,32,1/17/18,0,1100,1100,0,0,1/17/18,6/30/18,2/12/18,William H. Sutton III,212-857-1475,,No,Yes
Purchase Order,40,201830,44690,,,6,1/17/18,0,2565,2565,0,0,1/17/18,6/30/18,6/18/18,William H. Sutton III,212-857-1475,,No,Yes
Purchase Order,40,201830,42977,,,32,1/11/18,0,4765,4765,0,0,1/11/18,6/30/18,1/23/18,William H. Sutton III,212-857-1475,,No,Yes
Purchase Order,40,201830,43191,,,7,1/11/18,0,3350,3350,0,0,1/11/18,6/30/18,3/6/18,William H. Sutton III,212-857-1475,,No,Yes
Purchase Order,40,201830,41718,,,31,1/8/18,0,1800,1800,0,0,1/8/18,6/30/18,4/30/18,William H. Sutton III,212-857-1475,,No,Yes
Purchase Order,40,201830,38667,,,11,1/2/18,0,7390,7390,0,0,1/2/18,6/30/18,6/21/18,William H. Sutton III,212-857-1475,,No,Yes
Contract,40,201830,39918,,,4,12/27/17,25000,21485,21485,0,3515,12/27/17,6/30/18,3/19/18,William H. Sutton III,212-857-1475,NEGOTIATED SERVICES-SERVICES,No,Yes
Purchase Order,40,201830,39317,,,14,12/21/17,0,3000,3000,0,0,12/21/17,6/30/18,1/25/18,William H. Sutton III,212-857-1475,,No,Yes
Purchase Order,40,201830,38157,,,12,12/15/17,0,600,600,0,0,12/15/17,6/30/18,1/24/18,William H. Sutton III,212-857-1475,,No,Yes
Purchase Order,40,201830,33055,,,8,12/13/17,0,5900,5900,0,0,12/13/17,6/30/18,6/19/18,William H. Sutton III,212-857-1475,,No,Yes
Purchase Order,40,201830,37334,,,30,12/13/17,0,3815,3815,0,0,12/13/17,6/30/18,1/30/18,William H. Sutton III,212-857-1475,,No,Yes
Purchase Order,40,201830,37336,,,30,12/13/17,0,3575,3575,0,0,12/13/17,6/30/18,7/10/18,William H. Sutton III,212-857-1475,,No,Yes
Purchase Order,40,201830,36215,,,24,12/12/17,0,3055,3055,0,0,12/12/17,6/30/18,4/27/18,William H. Sutton III,212-857-1475,,No,Yes
Purchase Order,40,201830,36374,,,27,12/8/17,0,1740,1740,0,0,12/8/17,6/30/18,1/31/18,William H. Sutton III,212-857-1475,,No,Yes
Purchase Order,40,201830,35898,,,27,12/7/17,0,4125,4125,0,0,12/7/17,6/30/18,4/27/18,William H. Sutton III,212-857-1475,,No,Yes
Purchase Order,40,201830,35914,,,27,12/7/17,0,2750,2750,0,0,12/7/17,6/30/18,4/27/18,William H. Sutton III,212-857-1475,,No,Yes
Purchase Order,40,201830,30001,,,24,12/6/17,0,4490,4465,0,0,12/6/17,6/30/18,7/6/18,William H. Sutton III,212-857-1475,,No,Yes
Purchase Order,40,201830,35462,,,9,12/6/17,0,8615,8615,0,0,12/6/17,6/30/18,7/16/18,William H. Sutton III,212-857-1475,,No,Yes
Purchase Order,40,201830,34873,,,28,12/5/17,0,5865,5865,0,0,12/5/17,6/30/18,12/18/17,William H. Sutton III,212-857-1475,,No,Yes
Purchase Order,40,201830,34526,,,13,12/4/17,0,3000,3000,0,0,12/4/17,6/30/18,3/15/18,William H. Sutton III,212-857-1475,,No,Yes
Purchase Order,40,201830,34538,,,13,12/4/17,0,3115,3115,0,0,12/4/17,6/30/18,6/28/18,William H. Sutton III,212-857-1475,,No,Yes
Purchase Order,40,201830,34565,,,27,12/4/17,0,3115,3115,0,0,12/4/17,6/30/18,6/19/18,William H. Sutton III,212-857-1475,,No,Yes
Purchase Order,40,201830,34597,,,20,12/4/17,0,5000,5000,0,0,12/4/17,6/30/18,3/6/18,William H. Sutton III,212-857-1475,,No,Yes
Purchase Order,40,201830,34699,,,11,12/4/17,0,5000,5000,0,0,12/4/17,6/30/18,5/9/18,William H. Sutton III,212-857-1475,,No,Yes
Purchase Order,40,201830,34748,,,11,12/4/17,0,4950,4950,0,0,12/4/17,6/30/18,3/22/18,William H. Sutton III,212-857-1475,,No,Yes
Purchase Order,40,201830,33379,,,6,11/29/17,0,4640,4640,0,0,11/29/17,6/30/18,1/9/18,William H. Sutton III,212-857-1475,,No,Yes
Purchase Order,40,201830,32883,,,15,11/28/17,0,2875,2875,0,0,11/28/17,6/30/18,12/21/17,William H. Sutton III,212-857-1475,,No,Yes
Purchase Order,40,201830,33137,,,27,11/28/17,0,5865,5865,0,0,11/28/17,6/30/18,1/30/18,William H. Sutton III,212-857-1475,,No,Yes
Purchase Order,40,201830,32642,,,27,11/27/17,0,4640,4640,0,0,11/27/17,6/30/18,12/18/17,William H. Sutton III,212-857-1475,,No,Yes
Purchase Order,40,201830,30976,,,24,11/20/17,0,3015,3015,0,0,11/20/17,6/30/18,3/8/18,William H. Sutton III,212-857-1475,,No,Yes
Purchase Order,40,201830,29256,,,18,11/17/17,0,6150,6150,0,0,11/17/17,6/30/18,12/27/17,William H. Sutton III,212-857-1475,,No,Yes
Purchase Order,40,201830,27194,,,3,11/6/17,0,3300,3300,0,0,11/6/17,6/30/18,1/9/18,William H. Sutton III,212-857-1475,,No,Yes
Purchase Order,40,201830,27256,,,3,11/6/17,0,225,225,0,0,11/6/17,6/30/18,2/26/18,William H. Sutton III,212-857-1475,,No,Yes
Purchase Order,40,201830,25990,,,6,11/1/17,0,3175,3175,0,0,11/1/17,6/30/18,4/11/18,William H. Sutton III,212-857-1475,,No,Yes
Purchase Order,40,201730,45512,,,12,10/30/17,0,1155,1155,0,0,10/30/17,6/30/18,10/30/17,William H. Sutton III,212-857-1475,Roll Document from 2017 to 2018,No,Yes
Purchase Order,40,201830,24927,,,7,10/30/17,0,5865,5865,0,0,10/30/17,6/30/18,11/21/17,William H. Sutton III,212-857-1475,,No,Yes
Purchase Order,40,201830,23624,,,6,10/25/17,0,4350,4350,0,0,10/25/17,6/30/18,1/9/18,William H. Sutton III,212-857-1475,,No,Yes
Purchase Order,40,201730,51573,,,12,10/18/17,0,805,805,0,0,10/18/17,6/30/18,10/18/17,William H. Sutton III,212-857-1475,Roll Document from 2017 to 2018,No,Yes
Purchase Order,40,201730,41169,,,10,10/17/17,0,3220,3220,0,0,10/17/17,6/30/18,10/17/17,William H. Sutton III,212-857-1475,Roll Document from 2017 to 2018,No,Yes
Purchase Order,40,201830,18974,,,29,10/17/17,0,7715,7715,0,0,10/17/17,6/30/18,1/2/18,William H. Sutton III,212-857-1475,,No,Yes
Purchase Order,40,201830,20089,,,6,10/17/17,0,7390,7390,0,0,10/17/17,6/30/18,7/16/18,William H. Sutton III,212-857-1475,,No,Yes
Purchase Order,40,201830,19570,,,24,10/16/17,0,6565,6565,0,0,10/16/17,6/30/18,11/21/17,William H. Sutton III,212-857-1475,,No,Yes
Purchase Order,40,201730,23491,,,27,10/13/17,0,4260,4260,0,0,10/13/17,6/30/18,10/13/17,William H. Sutton III,212-857-1475,Roll Document from 2017 to 2018,No,Yes
Purchase Order,40,201830,19020,,,24,10/12/17,0,9075,9075,0,0,10/12/17,6/30/18,10/18/17,William H. Sutton III,212-857-1475,,No,Yes
Purchase Order,40,201830,19181,,,18,10/12/17,0,9200,9200,0,0,10/12/17,6/30/18,11/21/17,William H. Sutton III,212-857-1475,,No,Yes
Purchase Order,40,201830,18539,,,27,10/11/17,0,4550,4550,0,0,10/11/17,6/30/18,11/29/17,William H. Sutton III,212-857-1475,,No,Yes
Purchase Order,40,201830,18941,,,6,10/11/17,0,865,865,0,0,10/11/17,6/30/18,1/8/18,William H. Sutton III,212-857-1475,,No,Yes
Purchase Order,40,201830,17572,,,9,10/10/17,0,9620,9620,0,0,10/10/17,6/30/18,5/25/18,William H. Sutton III,212-857-1475,,No,Yes
Purchase Order,40,201830,17500,,,9,10/6/17,0,4700,4700,0,0,10/6/17,6/30/18,10/19/17,William H. Sutton III,212-857-1475,,No,Yes
Purchase Order,40,201830,17502,,,9,10/6/17,0,2750,2750,0,0,10/6/17,6/30/18,10/19/17,William H. Sutton III,212-857-1475,,No,Yes
Purchase Order,40,201830,17722,,,18,10/6/17,0,1275,1275,0,0,10/6/17,6/30/18,10/24/17,William H. Sutton III,212-857-1475,,No,Yes
Purchase Order,40,201830,17964,,,6,10/6/17,0,5000,5000,0,0,10/6/17,6/30/18,4/30/18,William H. Sutton III,212-857-1475,,No,Yes
Purchase Order,40,201830,16204,,,17,10/5/17,0,7300,7300,0,0,10/5/17,6/30/18,1/5/18,William H. Sutton III,212-857-1475,,No,Yes
Purchase Order,40,201830,16176,,,12,10/3/17,0,3950,3950,0,0,10/3/17,6/30/18,11/7/17,William H. Sutton III,212-857-1475,,No,Yes
Purchase Order,40,201830,15194,,,13,10/2/17,0,90,90,0,0,10/2/17,6/30/18,6/13/18,William H. Sutton III,212-857-1475,,No,Yes
Purchase Order,40,201830,15244,,,9,10/2/17,0,4490,4490,0,0,10/2/17,6/30/18,10/6/17,William H. Sutton III,212-857-1475,,No,Yes
Purchase Order,40,201830,14435,,,19,9/28/17,0,1675,1675,0,0,9/28/17,6/30/18,11/15/17,William H. Sutton III,212-857-1475,,No,Yes
Purchase Order,40,201830,13306,,,10,9/27/17,0,3550,3550,0,0,9/27/17,6/30/18,11/29/17,William H. Sutton III,212-857-1475,,No,Yes
Purchase Order,40,201830,14070,,,8,9/27/17,0,9850,9850,0,0,9/27/17,6/30/18,10/19/17,William H. Sutton III,212-857-1475,,No,Yes
Purchase Order,40,201830,14218,,,4,9/27/17,0,1090,1090,0,0,9/27/17,6/30/18,3/22/18,William H. Sutton III,212-857-1475,,No,Yes
Purchase Order,40,201830,13194,,,6,9/26/17,0,3789,3789,0,0,9/26/17,6/30/18,2/6/18,William H. Sutton III,212-857-1475,,No,Yes
Purchase Order,40,201830,12840,,,3,9/25/17,0,4650,4650,0,0,9/25/17,6/30/18,4/2/18,William H. Sutton III,212-857-1475,,No,Yes
Contract,40,201830,9420,,,12,9/20/17,25000,12450,12450,0,12550,9/20/17,6/30/18,9/25/17,William H. Sutton III,212-857-1475,NEGOTIATED SERVICES-SERVICES,No,Yes
Purchase Order,40,201830,8476,,,12,9/19/17,0,4825,4825,0,0,9/19/17,6/30/18,11/17/17,William H. Sutton III,212-857-1475,,No,Yes
Purchase Order,40,201830,9199,,,7,9/15/17,0,8650,8650,0,0,9/15/17,6/30/18,10/3/17,William H. Sutton III,212-857-1475,,No,Yes
Purchase Order,40,201830,9144,,,9,9/14/17,0,7300,7300,0,0,9/14/17,6/30/18,6/14/18,William H. Sutton III,212-857-1475,,No,Yes
Contract,40,201830,8594,,,25,9/13/17,25000,19600,19600,0,5400,9/13/17,6/30/18,2/13/18,William H. Sutton III,212-857-1475,NEGOTIATED SERVICES-SERVICES,No,Yes
Purchase Order,40,201830,7636,,,4,9/11/17,0,5140,5140,0,0,9/11/17,6/30/18,9/26/17,William H. Sutton III,212-857-1475,,No,Yes
Contract,40,201830,7003,,,10,9/8/17,25000,10025,10025,0,14975,9/8/17,6/30/18,9/14/17,William H. Sutton III,212-857-1475,NEGOTIATED SERVICES-SERVICES,No,Yes
Purchase Order,40,201830,7691,,,17,9/8/17,0,3175,3175,0,0,9/8/17,6/30/18,6/26/18,William H. Sutton III,212-857-1475,,No,Yes
Purchase Order,40,201830,7406,,,26,9/7/17,0,4200,4200,0,0,9/7/17,6/30/18,9/14/17,William H. Sutton III,212-857-1475,,No,Yes
Purchase Order,40,201830,6428,,,6,9/5/17,0,1635,1635,0,0,9/5/17,6/30/18,9/11/17,William H. Sutton III,212-857-1475,,No,Yes
Contract,40,201830,5568,,,11,8/30/17,25000,13590,13590,0,11410,8/30/17,6/30/18,11/14/17,William H. Sutton III,212-857-1475,3 BIDS-SERVICES,No,Yes
Purchase Order,40,201830,5849,,,12,8/30/17,0,4550,4550,0,0,8/30/17,6/30/18,1/23/18,William H. Sutton III,212-857-1475,,No,Yes
Purchase Order,40,201830,1566,,,18,8/29/17,0,5925,5925,0,0,8/29/17,6/30/18,11/27/17,William H. Sutton III,212-857-1475,,No,Yes
Purchase Order,40,201730,42067,,,4,8/12/17,0,1320,1320,0,0,1/26/17,6/30/17,12/11/17,William H. Sutton III,212-857-1475,Roll Document from 2017 to 2018,No,Yes
Purchase Order,40,201830,3641,,,4,8/10/17,0,8375,8375,0,0,8/10/17,6/30/18,6/6/18,William H. Sutton III,212-857-1475,,No,Yes
Purchase Order,40,201730,25947,,,10,7/24/17,0,4350,4350,0,0,7/24/17,6/30/18,7/24/17,William H. Sutton III,212-857-1475,,No,Yes
Purchase Order,40,201830,1121,,,12,7/17/17,0,2500,2500,0,0,7/17/17,6/30/18,9/25/17,William H. Sutton III,212-857-1475,,No,Yes
Contract,40,201830,798,,,30,7/11/17,25000,14265,14265,0,10735,7/11/17,6/30/18,6/5/18,William H. Sutton III,212-857-1475,NEGOTIATED SERVICES-SERVICES,No,Yes
Purchase Order,40,201730,9185,,,2,7/6/17,0,7950,7950,0,0,7/6/17,6/30/18,7/6/17,William H. Sutton III,212-857-1475,,No,Yes
Purchase Order,40,201730,60567,,,6,6/27/17,0,7220,7220,0,0,6/27/17,6/30/17,6/27/17,William H. Sutton III,212-857-1475,,No,Yes
Purchase Order,40,201730,67362,,,3,6/22/17,0,2130,2130,0,0,6/22/17,6/30/17,6/22/17,William H. Sutton III,212-857-1475,,No,Yes
Purchase Order,40,201730,23658,,,11,6/12/17,0,4210,4210,0,0,6/12/17,6/30/17,6/16/17,William H. Sutton III,212-857-1475,,No,Yes
Purchase Order,40,201730,94586,,,11,5/19/17,0,1325,1325,0,0,5/19/17,6/30/17,6/14/17,William H. Sutton III,212-857-1475,,No,Yes
Purchase Order,40,201730,92692,,,3,4/28/17,0,2130,2130,0,0,4/28/17,6/30/17,5/18/17,William H. Sutton III,212-857-1475,,No,Yes
Purchase Order,40,201730,84657,,,12,4/7/17,0,5500,5500,0,0,4/7/17,6/30/17,6/30/17,William H. Sutton III,212-857-1475,,No,Yes
Purchase Order,40,201730,75251,,,6,3/29/17,0,90,90,0,0,3/29/17,6/30/17,4/19/17,William H. Sutton III,212-857-1475,,No,Yes
Purchase Order,40,201730,76643,,,12,3/29/17,0,3545,3545,0,0,3/29/17,6/30/17,5/17/17,William H. Sutton III,212-857-1475,,No,Yes
Purchase Order,40,201730,76655,,,12,3/29/17,0,3455,3455,0,0,3/29/17,6/30/17,6/1/17,William H. Sutton III,212-857-1475,,No,Yes
Purchase Order,40,201730,73316,,,11,3/27/17,0,1065,1065,0,0,3/27/17,6/30/17,4/27/17,William H. Sutton III,212-857-1475,,No,Yes
Purchase Order,40,201730,69048,,,3,3/20/17,0,805,805,0,0,3/20/17,6/30/17,5/3/17,William H. Sutton III,212-857-1475,,No,Yes
Purchase Order,40,201730,64271,,,2,3/17/17,0,8220,8220,0,0,3/17/17,6/30/17,6/16/17,William H. Sutton III,212-857-1475,,No,Yes
Purchase Order,40,201730,62575,,,9,3/13/17,0,3195,3195,0,0,3/13/17,6/30/17,5/1/17,William H. Sutton III,212-857-1475,,No,Yes
Purchase Order,40,201730,65532,,,3,3/13/17,0,4730,4730,0,0,3/13/17,6/30/17,5/3/17,William H. Sutton III,212-857-1475,,No,Yes
Purchase Order,40,201730,60801,,,12,3/10/17,0,1465,1465,0,0,3/10/17,6/30/17,4/27/17,William H. Sutton III,212-857-1475,,No,Yes
Purchase Order,40,201730,60524,,,12,3/9/17,0,1845,1845,0,0,3/9/17,6/30/17,5/9/17,William H. Sutton III,212-857-1475,,No,Yes
Purchase Order,40,201730,56632,,,19,3/6/17,0,1585,1585,0,0,3/6/17,6/30/17,6/21/17,William H. Sutton III,212-857-1475,,No,Yes
Purchase Order,40,201730,55431,,,12,3/2/17,0,285,285,0,0,3/2/17,6/30/17,6/30/17,William H. Sutton III,212-857-1475,,No,Yes
Purchase Order,40,201730,54839,,,12,3/1/17,0,2715,2715,0,0,3/1/17,6/30/17,3/22/17,William H. Sutton III,212-857-1475,,No,Yes
Purchase Order,40,201730,54841,,,12,3/1/17,0,2625,2625,0,0,3/1/17,6/30/17,5/10/17,William H. Sutton III,212-857-1475,,No,Yes
Purchase Order,40,201730,51556,,,12,2/17/17,0,0,0,0,0,2/17/17,6/30/17,2/17/17,William H. Sutton III,212-857-1475,,No,Yes
Purchase Order,40,201730,51821,,,6,2/17/17,0,2455,2455,0,0,2/17/17,6/30/17,5/4/17,William H. Sutton III,212-857-1475,,No,Yes
Purchase Order,40,201730,52048,,,2,2/17/17,0,4285,4285,0,0,2/17/17,6/30/17,6/14/17,William H. Sutton III,212-857-1475,,No,Yes
Purchase Order,40,201730,50187,,,9,2/15/17,0,3195,3195,0,0,2/15/17,6/30/17,3/30/17,William H. Sutton III,212-857-1475,,No,Yes
Purchase Order,40,201730,50191,,,9,2/15/17,0,3195,3195,0,0,2/15/17,6/30/17,3/30/17,William H. Sutton III,212-857-1475,,No,Yes
Purchase Order,40,201730,49212,,,4,2/14/17,0,1635,1635,0,0,2/14/17,6/30/17,5/4/17,William H. Sutton III,212-857-1475,,No,Yes
Purchase Order,40,201730,49093,,,12,2/13/17,0,1935,1935,0,0,2/13/17,6/30/17,5/10/17,William H. Sutton III,212-857-1475,,No,Yes
Purchase Order,40,201730,47526,,,4,2/10/17,0,1230,1230,0,0,2/10/17,6/30/17,5/3/17,William H. Sutton III,212-857-1475,,No,Yes
Purchase Order,40,201730,47119,,,4,2/8/17,0,440,440,0,0,2/8/17,6/30/17,3/8/17,William H. Sutton III,212-857-1475,,No,Yes
Purchase Order,40,201730,47292,,,12,2/7/17,0,2505,2505,0,0,2/7/17,6/30/17,4/11/17,William H. Sutton III,212-857-1475,,No,Yes
Purchase Order,40,201730,46593,,,12,2/6/17,0,805,805,0,0,2/6/17,6/30/17,2/22/17,William H. Sutton III,212-857-1475,,No,Yes
Purchase Order,40,201730,44159,,,12,2/3/17,0,2715,2715,0,0,2/3/17,6/30/17,2/22/17,William H. Sutton III,212-857-1475,,No,Yes
Purchase Order,40,201730,44864,,,12,2/3/17,0,3740,3740,0,0,2/3/17,6/30/17,2/22/17,William H. Sutton III,212-857-1475,,No,Yes
Purchase Order,40,201730,45912,,,20,2/3/17,0,1210,1210,0,0,2/3/17,6/30/17,4/3/17,William H. Sutton III,212-857-1475,,No,Yes
Purchase Order,40,201730,45926,,,20,2/3/17,0,1300,1300,0,0,2/3/17,6/30/17,6/12/17,William H. Sutton III,212-857-1475,,No,Yes
Purchase Order,40,201730,45964,,,9,2/3/17,0,3400,3400,0,0,2/3/17,6/30/17,6/27/17,William H. Sutton III,212-857-1475,,No,Yes
Purchase Order,40,201730,42915,,,12,1/26/17,0,4065,4065,0,0,1/26/17,6/30/17,5/3/17,William H. Sutton III,212-857-1475,,No,Yes
Purchase Order,40,201730,41110,,,12,1/20/17,0,3740,3740,0,0,1/20/17,6/30/17,2/22/17,William H. Sutton III,212-857-1475,,No,Yes
Purchase Order,40,201730,30290,,,12,12/7/16,0,5000,5000,0,0,12/7/16,6/30/17,7/3/17,William H. Sutton III,212-857-1475,,No,Yes
Purchase Order,40,201730,21470,,,12,10/31/16,0,7470,7470,0,0,10/31/16,6/30/17,12/6/16,William H. Sutton III,212-857-1475,,No,Yes
Purchase Order,40,201730,19644,,,4,10/24/16,0,4495,4495,0,0,10/24/16,6/30/17,4/20/17,William H. Sutton III,212-857-1475,,No,Yes
Purchase Order,40,201730,14088,,,29,10/14/16,0,1065,1065,0,0,10/14/16,6/30/17,11/29/16,William H. Sutton III,212-857-1475,,No,Yes
Purchase Order,40,201730,16070,,,19,10/14/16,0,4730,4730,0,0,10/14/16,6/30/17,10/28/16,William H. Sutton III,212-857-1475,,No,Yes
Purchase Order,40,201730,16877,,,20,10/14/16,0,3790,3790,0,0,10/14/16,6/30/17,6/16/17,William H. Sutton III,212-857-1475,,No,Yes
Purchase Order,40,201730,11314,,,2,9/23/16,0,2415,2415,0,0,9/23/16,6/30/17,5/3/17,William H. Sutton III,212-857-1475,,No,Yes
Purchase Order,40,201730,8852,,,7,9/16/16,0,1365,1365,0,0,9/16/16,6/30/17,10/6/16,William H. Sutton III,212-857-1475,,No,Yes
Purchase Order,40,201630,18311,,,24,8/13/16,0,275,275,0,0,11/6/15,6/30/16,1/19/17,William H. Sutton III,212-857-1475,Roll Document from 2016 to 2017,No,Yes
Purchase Order,40,201630,37945,,,19,6/20/16,0,2740,2740,0,0,6/20/16,6/30/16,6/20/16,William H. Sutton III,212-857-1475,,No,Yes
Purchase Order,40,201630,61711,,,10,5/23/16,0,4185,4185,0,0,5/23/16,6/30/16,5/23/16,William H. Sutton III,212-857-1475,,No,Yes
Purchase Order,40,201630,71575,,,29,4/5/16,0,1245,1245,0,0,4/5/16,6/30/16,6/28/16,William H. Sutton III,212-857-1475,,No,Yes
Purchase Order,40,201630,73493,,,20,4/5/16,0,615,615,0,0,4/5/16,6/30/16,6/22/16,William H. Sutton III,212-857-1475,,No,Yes
Purchase Order,40,201630,74022,,,8,4/4/16,0,1776,1776,0,0,4/4/16,6/30/16,5/4/16,William H. Sutton III,212-857-1475,,No,Yes
Purchase Order,40,201630,74076,,,9,4/4/16,0,1090,1090,0,0,4/4/16,6/30/16,6/20/16,William H. Sutton III,212-857-1475,,No,Yes
Contract,40,201630,69626,,,18,4/1/16,25000,11300,11300,0,13700,4/1/16,6/30/16,6/17/16,William H. Sutton III,212-857-1475,NEGOTIATED SERVICES-SERVICES,No,Yes
Purchase Order,40,201630,58326,,,11,3/22/16,0,4820,4820,0,0,3/22/16,6/30/16,5/17/16,William H. Sutton III,212-857-1475,,No,Yes
Purchase Order,40,201630,50526,,,10,3/10/16,0,1700,1700,0,0,3/10/16,6/30/16,6/20/16,William H. Sutton III,212-857-1475,,No,Yes
Purchase Order,40,201630,49249,,,12,3/9/16,0,5455,5455,0,0,3/9/16,6/30/16,3/14/16,William H. Sutton III,212-857-1475,,No,Yes
Purchase Order,40,201630,45019,,,11,3/4/16,0,2220,2220,0,0,3/4/16,6/30/16,6/22/16,William H. Sutton III,212-857-1475,,No,Yes
Purchase Order,40,201630,46397,,,2,3/4/16,0,2310,2310,0,0,3/4/16,6/30/16,5/18/16,William H. Sutton III,212-857-1475,,No,Yes
Purchase Order,40,201630,45649,,,11,3/2/16,0,1155,1155,0,0,3/2/16,6/30/16,4/19/16,William H. Sutton III,212-857-1475,,No,Yes
Purchase Order,40,201630,45344,,,9,3/1/16,0,1180,1180,0,0,3/1/16,6/30/16,4/19/16,William H. Sutton III,212-857-1475,,No,Yes
Purchase Order,40,201630,44883,,,7,2/29/16,0,3870,3870,0,0,2/29/16,6/30/16,6/20/16,William H. Sutton III,212-857-1475,,No,Yes
Purchase Order,40,201630,42672,,,2,2/26/16,0,270,270,0,0,2/26/16,6/30/16,5/23/16,William H. Sutton III,212-857-1475,,No,Yes
Purchase Order,40,201630,41562,,,11,2/22/16,0,4680,4680,0,0,2/22/16,6/30/16,3/8/16,William H. Sutton III,212-857-1475,,No,Yes
Purchase Order,40,201630,40192,,,11,2/11/16,0,4050,4050,0,0,2/11/16,6/30/16,3/10/16,William H. Sutton III,212-857-1475,,No,Yes
Purchase Order,40,201630,37891,,,2,2/3/16,0,2415,2415,0,0,2/3/16,6/30/16,5/23/16,William H. Sutton III,212-857-1475,,No,Yes
Purchase Order,40,201630,36415,,,20,1/28/16,0,615,615,0,0,1/28/16,6/30/16,6/22/16,William H. Sutton III,212-857-1475,,No,Yes
Purchase Order,40,201630,35791,,,3,1/27/16,0,1155,1155,0,0,1/27/16,6/30/16,2/5/16,William H. Sutton III,212-857-1475,,No,Yes
Purchase Order,40,201630,22848,,,27,11/24/15,0,4370,4370,0,0,11/24/15,6/30/16,5/10/16,William H. Sutton III,212-857-1475,,No,Yes
Purchase Order,40,201630,18329,,,28,11/5/15,0,915,915,0,0,11/5/15,6/30/16,6/20/16,William H. Sutton III,212-857-1475,,No,Yes
Purchase Order,40,201630,11079,,,6,10/6/15,0,750,750,0,0,10/6/15,6/30/16,6/21/16,William H. Sutton III,212-857-1475,,No,Yes
Purchase Order,40,201530,33254,,,6,8/15/15,0,1455,1455,0,0,2/3/15,6/30/15,9/28/15,William H. Sutton III,212-857-1475,Roll Document from 2015 to 2016,No,Yes